投资方,序号,产品名称,所属公司,地区,参与轮次,轮次,投资时间,投资年份,money,投资金额,投资金额_等级,行业,产品介绍,游戏,直播/视频,教育培训,食品饮料/零售,旅游/OTA,金融/支付,社交社区,硬件/生产制造,电子商务,生活服务,物流运输,汽车交通,文娱传媒,房产家居,工具软件,医疗健康/生物医药,企业服务,人工智能,运动健身,科创/技术研发,电信/通信,其他,GESHU,所属行业
阿里巴巴,1,十荟团,北京十荟科技有限公司,0,C++轮,C,2020/11/30,2020,12.838,1283800000,4,17,十荟团是一家美食社区电商服务平台，十荟团锁定社区果蔬、生鲜和家居用品，以社区为切入点，瞄准家庭日常消费场景，全力开拓二三线城市市场。搜罗全球生鲜美食，借助智能高效的供应链，把新鲜带给每个家庭，让福利惠及每位用户。  ,,,,,,,,,,,,,,,,,,,,,,,,食品/商贸零售
阿里巴巴,4,驻云科技,上海驻云信息科技有限公司,0,C+轮,C,2020/11/12,2020,1,100000000,3,3,上海驻云信息科技有限公司成立于2013年，是国内领先的企业级智能数据服务平台提供商，致力于将普惠的计算能力落实到每家企业，让智能数据驱动企业核心业务。驻云科技深耕云计算管理和数据监控服务。  ,,,,,,,,,,,,,,,,,,,,,,,,企业服务
阿里巴巴,6,高鑫零售,高鑫零售有限公司,0,并购,Merger,2020/10/19,2020,235.8,23580000000,5,17,高鑫零售是一家大卖场运营商，通过线下连锁加盟，线上自建网络平台等模式进行产品销售，主要运营百货类、家纺及餐桌用品等，以“欧尚”及“大润发”两大知名品牌经营大卖场业务。  ,,,,,,,,,,,,,,,,,,,,,,,,食品/商贸零售
阿里巴巴,11,小满科技,深圳市小满科技有限公司,0,D轮,D,2020/8/26,2020,5,500000000,3,3,深圳市小满科技有限公司是一家外贸解决方案供应商，是大数据与人工智能公司，通过大数据与人工智能的产品、解决方案与服务，帮助中国企业拓展国际业务。  ,,,,,,,,,,,,,,,,,,,,,,,,企业服务
阿里巴巴,14,小鹏汽车,广州橙行智动汽车科技有限公司,0,C++轮,C,2020/8/5,2020,26.2,2620000000,4,10,小鹏汽车是一家电动汽车生产制造商，致力于应用新的技术、工艺和商业模式，打造年轻人喜爱的智能化电动汽车。汽车拥有低速自动驾驶跟随的功能，并为解决停车难的困扰，开发了包括自动泊车以及远程召唤的功能。隶属于广州橙行智动汽车科技有限公司。  ,,,,,,,,,,,,,,,,,,,,,,,,汽车交通
阿里巴巴,16,SQream,SQream Technologies Ltd.,以色列,B+轮,B,2020/6/28,2020,2.5807,258070000,3,3,SQream是一个GPU数据库提供商，为大数据集分析提供数据库服务，具有商业智能加速功能，可以根据大型数据集进行智能时间决策，旗下拥有用于分析数据集的GPU数据库“SQream DB”，具有快速访问数据的功能。  ,,,,,,,,,,,,,,,,,,,,,,,,企业服务
阿里巴巴,20,Ecoinno寰科创新,寰科创新有限公司,香港,A轮,A,2020/5/7,2020,0.5,50000000,2,16,Ecoinno寰科创新是一家位于香港科学园的绿色新材料研发商，致力于利用其独有的绿色复合材料（GCM™）开发多种类别的消费包装产品，该复合材料来自天然植物纤维，使用Ecoinno寰科创新先进专利技术加工而成。2020年2月12日，Ecoinno寰科创新荣获阿里巴巴Jumpstarter环球创业者比赛“智能城市领域优胜者“。  ,,,,,,,,,,,,,,,,,,,,,,,,科创/技术研发
阿里巴巴,21,弘量研究,弘量（深圳）投资管理有限公司,0,Pre-B轮,B,2020/5/5,2020,1.965,196500000,3,4,弘量研究为香港科技大学创新孵化项目下的金融科技公司，其开发的 AQUMON 智能投资引擎，通过金融、算法和科技三方面的结合，在境内结合境外，金融机构结合个人客户业务中布局，透过香港证监会 1 号（证券交易）、4 号（就证券提供意见）牌照和美国证监会注册投资顾问（RIA）牌照，在合规的前提下致力实现透明、稳定、实时和低成本理财体验。  ,,,,,,,,,,,,,,,,,,,,,,,,金融/支付
阿里巴巴,27,十荟团,北京十荟科技有限公司,0,B轮,B,2020/1/9,2020,5.78365,578365000,3,17,十荟团是一家美食社区电商服务平台，十荟团锁定社区果蔬、生鲜和家居用品，以社区为切入点，瞄准家庭日常消费场景，全力开拓二三线城市市场。搜罗全球生鲜美食，借助智能高效的供应链，把新鲜带给每个家庭，让福利惠及每位用户。  ,,,,,,,,,,,,,,,,,,,,,,,,食品/商贸零售
阿里巴巴,29,XpressBees,Busybees Logistics Solutions Pvt Ltd.,印度,D+轮,D,2019/12/27,2019,0.15,15000000,2,19,Xpressbees是于2015年创立的一家电子商务物流公司，公司提供最后一公里配送、逆向物流、托收货款、接代发货、供应商管理、跨境服务、专递服务和量身定制软件解决方案等服务。  ,,,,,,,,,,,,,,,,,,,,,,,,物流运输
阿里巴巴,32,WeLab,深圳卫盈智信科技有限公司,0,C轮,C,2019/12/12,2019,11,1100000000,4,4,我来数科是一个创新的互联网金融平台，为有资金需求和投资需求的年轻人提供互联网金融服务。  ,,,,,,,,,,,,,,,,,,,,,,,,金融/支付
阿里巴巴,39,三维家,广东三维家信息科技有限公司,0,C轮,C,2019/10/31,2019,5,500000000,3,20,三维家是一家将3D虚拟现实技术应用到家居行业的高新技术企业，拥有多年的O2O线上线下全屋定制家居运营经验，依托轻松提高业绩、轻松签单、轻松管理的门店设计服务模式与CRM门店日常管理模式。成立至今，三维家服务超过了50万家商户，企业1000多家。帮助上市企业如欧派家居、曲美家居、皮阿诺、好莱客、志邦厨柜、我乐家居等数十个成功应用品牌案例。  ,,,,,,,,,,,,,,,,,,,,,,,,房产家居
阿里巴巴,44,AutoX,深圳裹动智驾科技有限公司,0,A+轮,A,2019/9/16,2019,6.55,655000000,3,13,Auto X Store是一家自动驾驶操作系统研发商，主要研发的方向是将人工智能技术应用在自动驾驶领域。他们目前的解决方案涵盖了环境感知、路径规划以及系统对机械的控制。仅使用摄像头就能实现车辆的自动驾驶，由于无需采用雷达、激光、超声或者特殊的导航设备，所以能够大量降低自动驾驶的实现成本。  ,,,,,,,,,,,,,,,,,,,,,,,,人工智能
阿里巴巴,46,考拉海购,杭州优卖网络科技有限公司,0,并购,Merger,2019/9/6,2019,45.85,4585000000,4,6,考拉海购是一家跨境海淘电商平台，目前主要有母婴、美食保健、美妆个护及海外直邮等四个商品类目，网易旗下电商平台。  ,,,,,,,,,,,,,,,,,,,,,,,,电子商务
阿里巴巴,47,网易云音乐,杭州网易云音乐科技有限公司,0,B+轮,B,2019/9/6,2019,131,13100000000,5,1,"网易云音乐是一款专注于发现与分享的音乐产品，依托专业音乐人、DJ、好友推荐及社交功能,为用户打造全新的音乐生活。  ",,,,,,,,,,,,,,,,,,,,,,,,文娱传媒
阿里巴巴,48,Bitmark,Bitmark Inc.,台湾,A轮,A,2019/9/4,2019,0.1965,19650000,2,4,Bitmark是台湾一家区块链所有权创业公司，在其平台上注册的所有权被绑定为称为bitmarks 的数字资产，用户可用其进行交易，并创建交易电子记录。  ,,,,,,,,,,,,,,,,,,,,,,,,金融/支付
阿里巴巴,49,德殷德润,上海德殷德润实业发展有限公司,0,并购,Merger,2019/8/1,2019,99.82,9982000000,4,3,德殷德润是一家商务咨询服务提供商，隶属于上海德殷投资控股有限公司旗下，是申通快递股东。  ,,,,,,,,,,,,,,,,,,,,,,,,企业服务
阿里巴巴,51,小盒科技,北京知识印象科技有限公司,0,D轮,D,2019/7/18,2019,9.825,982500000,3,8,作业盒子是一个K12师生在线作业互动平台。分为教师端与学生端，学生通过平台提交作业，老师可进行智能出题、多形式批注、学习效果的数据统计，根据学习状况获得针对性智能推荐等，达到在线师生互动的效果。  ,,,,,,,,,,,,,,,,,,,,,,,,教育培训
阿里巴巴,60,旷视科技,北京旷视科技有限公司,0,D轮,D,2019/5/8,2019,49.125,4912500000,4,13,北京旷视科技有限公司是一家世界领先的人工智能企业，在深度学习方面拥有核心竞争力。公司于2011年由印奇、唐文斌和杨沐三位创始人成立。他们均毕业于由图灵奖得主兼中国计算机科学家和理论家姚期智院士创立的清华大学“姚班”。旷视是将人工智能科技和计算机视觉算法应用于物联网领域的引领者。Face++是一个人脸识别云计算平台，此公司专注于研发人脸检测、识别、分析和重建技术，通过融合机器视觉、机器学习等技术，与提供云端API、离线SDK、以及面向用户的产品形式，可将此公司的技术应用于金融、安防、零售领域。  ,,,,,,,,,,,,,,,,,,,,,,,,人工智能
阿里巴巴,61,T3出行,南京领行科技股份有限公司,0,天使轮,Angel/Seed,2019/4/2,2019,50,5000000000,4,10,T3出行是一家网约车服务提供商，致力于网约车领域，采用车辆均为新能源汽车，业务还涉及汽车融资租赁、大数据运营和智能驾驶等领域。  ,,,,,,,,,,,,,,,,,,,,,,,,汽车交通
阿里巴巴,64,Qupital,Qupital,香港,A轮,A,2019/3/27,2019,0.9825,98250000,2,4,Qupital是香港首家在线发票贴现交易平台。它希望解决公司无法迅速获得现金的问题，通过拍卖未付款发票让公司在该网站融资。这实质上相当于将公司的应收账款证券化。投资者，或Qupital所称的“出资者”可评估和竞购希望融资的公司在Qupital上列出的发票。一旦该公司从它们的债务人手中获得付款，Qupital即自动将这笔资金连同利息转给“出资者”。  ,,,,,,,,,,,,,,,,,,,,,,,,金融/支付
阿里巴巴,65,Infinity AR,Infinity Augmented Reality,以色列,并购,Merger,2019/3/25,2019,0.655,65500000,2,21,Infinity AR是一家打造 SDK，让虚拟图像能够投射在现实物体的公司。  ,,,,,,,,,,,,,,,,,,,,,,,,AR/VR
阿里巴巴,66,百望云,百望股份有限公司,0,A轮,A,2019/3/25,2019,5.17,517000000,3,3,百望股份是国内领先的“互联网+税务”云平台提供商，为大型企业客户提供基于私有云的端对端一体化涉税解决方案，为中小企业客户提供基于公有云的财税票综合服务平台，为小微企业客户基于移动端的移动开票综合服务平台。基于百望云的财税票一体化平台的绝对领先优势，已经完成了企业征信大数据产品，供应链平台产品以及互联网金融的产品布局，为云平台客户提供财税票，企业征信，企业供应链，企业融资等全方位的综合服务。  ,,,,,,,,,,,,,,,,,,,,,,,,企业服务
阿里巴巴,69,爱康国宾,爱康国宾健康管理集团有限公司,0,并购,Merger,2019/3/11,2019,46.6,4660000000,4,7,爱康国宾是一家主打体检的健康管理公司，为个人及团体提供从体检、检测、医疗、家庭医生、慢病管理、健康保险等全方位个性化服务，由爱康网和上海国宾健检联合组建。  ,,,,,,,,,,,,,,,,,,,,,,,,医疗健康/生物医药
阿里巴巴,73,Vidooly,Vidooly,印度,B轮,B,2019/2/9,2019,0.13755,13755000,2,12,Vidooly是印度一家视频分析公司，通过为视频制作者提供营销和分析工具，以此来获得最多的浏览次数、增加受众数量，从而提高视频营收。  ,,,,,,,,,,,,,,,,,,,,,,,,工具软件
阿里巴巴,76,Sandbox VR,Sandbox VR,香港,A轮,A,2019/1/29,2019,4.454,445400000,3,21,Sandbox VR 是在商场和影院提供线下街机式VR体验的体验中心，Sandbox VR有自研线下VR体验，同时正在全球六座城市运营着VR线下中心，包括加州圣马特奥、温哥华和香港。他们主要为玩家提供了一个自由漫游式空间，并允许其在多人VR体验中共同对抗僵尸，外星人和亡灵海盗。  ,,,,,,,,,,,,,,,,,,,,,,,,AR/VR
阿里巴巴,78,优点科技,深圳市优点科技有限公司,0,B轮,B,2019/1/11,2019,7,700000000,3,20,深圳市优点科技有限公司是一家专注于智能门锁及安防领域的物联网服务平台。公司通过行业整合、投资并购等方式，致力于打造一个行业领先、体验独特的智能家居生态系统。  ,,,,,,,,,,,,,,,,,,,,,,,,房产家居
阿里巴巴,79,Data Artisans,Data Artisans,德国,并购,Merger,2019/1/8,2019,7.11,711000000,3,3,Data Artisans由ApacheFlink®的创始人于2014年创立，该公司总部位于德国柏林，专门提供为公司企业部署大规模数据处理解决方案的服务。发展开源数据处理技术，并推动流处理、批处理和机器学习发展。  ,,,,,,,,,,,,,,,,,,,,,,,,企业服务
阿里巴巴,86,驿公里,上海氦修网络科技有限公司,0,B轮,B,2018/12/14,2018,1,100000000,3,11,驿公里是一家智能洗车机器人研发商，自主研发的智能车型数据识别系统，在对同一辆车多次进行服务后，系统利用人工智能技术，将不断自主优化清洗时出现的误差，逐渐形成一套专门为此车辆定制的洗车程序。  ,,,,,,,,,,,,,,,,,,,,,,,,生活服务
阿里巴巴,87,Optibus,Optibus,以色列,B轮,B,2018/12/13,2018,2.62,262000000,3,10,Optibus是以色列公共交通智能优化系统开发商，正研发其智慧城市运营系统，可以支持实时公交调度和班次预测，帮助交通管理部门及时作出必要的调整。  ,,,,,,,,,,,,,,,,,,,,,,,,汽车交通
阿里巴巴,89,AsiaYo,AsiaYo,台湾,B轮,B,2018/12/6,2018,0.4585,45850000,2,15,AsiaYo是一个特色民宿订房平台，主打特色旅宿，覆盖台湾，日本，韩国，泰国和香港的60个城市。  ,,,,,,,,,,,,,,,,,,,,,,,,旅游/OTA
阿里巴巴,109,Teambition,上海汇翼信息科技有限公司,0,并购,Merger,2018/11/13,2018,1.6375,163750000,3,12,Teambition是一款协作化项目管理工具，为每一个项目提供「分享墙」、「任务板」、「文件库」、「日程表」、「回顾」5个应用，来分别解决项目的“分享讨论”、“任务跟进”、“文件共享”、“会议安排”和“项目进展回顾等”多方面的需求。除了网页版外，目前已经推出iPhone版和Android版供下载。  ,,,,,,,,,,,,,,,,,,,,,,,,工具软件
阿里巴巴,110,神工007,神工众志（北京）科技有限公司,0,C轮,C,2018/11/13,2018,6.55,655000000,3,20,神工007是一个专注于建材家居的O2O移动服务平台，致力于提供建材家居安装、维修、维护以及一切围绕着家的延伸服务，神工众志（北京）科技有限公司旗下产品。  ,,,,,,,,,,,,,,,,,,,,,,,,房产家居
阿里巴巴,114,坚果投影,深圳市火乐科技发展有限公司,0,D轮,D,2018/10/19,2018,6,600000000,3,14,坚果智能影院是一家智能投影设备研发商。在同个局域网下用坚果控可以进行配对，用手机控制坚果智能投影和激光电视，实现方向+确认、遥控对焦、音量调节、一键切换3D等功能。  ,,,,,,,,,,,,,,,,,,,,,,,,电信/通信
阿里巴巴,118,Wayray,Wayray,俄罗斯,C轮,C,2018/9/19,2018,5.24,524000000,3,21,Wayray是一家AR公司，核心产品是采用增强现实技术的汽车导航设备Navion，Navion是将导航全息影像从仪表盘上的一个小装置上投掷到挡风玻璃。挡风玻璃上的全息图像包括导航信息和安全提示。产品使用过程中，用户会感觉到地面上出现很多的箭头，只要沿着箭头指示开车就可以到达目的地。  ,,,,,,,,,,,,,,,,,,,,,,,,AR/VR
阿里巴巴,120,弘量研究,弘量（深圳）投资管理有限公司,0,A+轮,A,2018/9/6,2018,1,100000000,3,4,弘量研究为香港科技大学创新孵化项目下的金融科技公司，其开发的 AQUMON 智能投资引擎，通过金融、算法和科技三方面的结合，在境内结合境外，金融机构结合个人客户业务中布局，透过香港证监会 1 号（证券交易）、4 号（就证券提供意见）牌照和美国证监会注册投资顾问（RIA）牌照，在合规的前提下致力实现透明、稳定、实时和低成本理财体验。  ,,,,,,,,,,,,,,,,,,,,,,,,金融/支付
阿里巴巴,125,探迹科技,广州探迹科技有限公司,0,A轮,A,2018/8/28,2018,0.4,40000000,2,3,探迹致力于打造国内第一个基于大数据和人工智能的企业销售预测智能SaaS平台，通过不断分析和挖掘全网在线企业信息，结合每家企业内部的客户关系管理系统，利用机器学习自动建立量化客户模型，帮助B2B企业在全球千万公司中精准挖掘潜在客户，提升销售转化率及收入。  ,,,,,,,,,,,,,,,,,,,,,,,,企业服务
阿里巴巴,127,新康众,江苏康众汽配有限公司,0,D轮,D,2018/8/23,2018,16,1600000000,4,11,康众汽车配件是一家O2O模式的汽车售后配件服务提供商，通过连锁门店及网上的方式为终端修理门店提供B2B售后配件直营服务，江苏康众实业投资有限公司旗下品牌。  ,,,,,,,,,,,,,,,,,,,,,,,,生活服务
阿里巴巴,129,FunNow,FunNow,台湾,A轮,A,2018/8/14,2018,0.3275,32750000,2,11,FunNow是亚洲唯一的即时预订应用程序的娱乐和休闲服务，为用户提供超过2000种即时预约服务，包括旅宿、泡汤、餐厅、酒吧、按摩等，致力于提升用户的生活品质，让用户只需专注享受欢乐时光。  ,,,,,,,,,,,,,,,,,,,,,,,,生活服务
阿里巴巴,130,DeepMap,DeepMap Inc.,美国,B轮,B,2018/8/10,2018,3.93,393000000,3,10,DeepMap是一家无人驾驶领域的新兴地图公司，专注于高精度地图解决方案的研发，其所提供的高清地图、实时定位软件以及其他必要基础数据都将推动无人驾驶技术的发展。  ,,,,,,,,,,,,,,,,,,,,,,,,汽车交通
阿里巴巴,138,苏宁体育,江苏苏宁体育产业有限公司,0,A轮,A,2018/7/19,2018,39.3,3930000000,4,22,苏宁体育是江苏苏宁集团旗下体育产业集团。  ,,,,,,,,,,,,,,,,,,,,,,,,其他
阿里巴巴,140,上海秉坤,上海秉坤数码科技有限公司,0,B轮,B,2018/7/18,2018,150,15000000000,5,17,上海秉坤专注为美妆品牌提供线下零售管理解决方案。秉坤服务100多个美妆品牌客户。在世界顶尖的十大化妆品集团中，其中六家选择秉坤作为系统或信息服务商。秉坤的产品线包括零售POS软件、CRM软件、数据产品和服务、零售智能硬件等。每年处理一亿多笔交易数据，为超过5000万会员提供营销服务的数据支撑。  ,,,,,,,,,,,,,,,,,,,,,,,,食品/商贸零售
阿里巴巴,142,Moneybox,Digital Moneybox Limited,英国,B轮,B,2018/7/9,2018,0.14,14000000,2,4,Moneybox是一款app，能够与用户的银行账户关联并自动进行支付、零钱投资。目前，投资的对象主要是用户的ISA账户，可供投资的基金分别来自Vanguard、Henderson和Blackrock。  ,,,,,,,,,,,,,,,,,,,,,,,,金融/支付
阿里巴巴,144,华人文化集团,华人文化有限责任公司,0,A轮,A,2018/7/3,2018,100,10000000000,5,1,华人文化集团旗下拥有影视公司、动漫公司、游戏公司、基金公司，文化地产公司，以及一只两百多人的精英团队，与中影集团、华影公司、万达集团、伯纳影业等国内顶尖影视公司保持着紧密的合作关系，具备影视制作、发行许可，基金管理、地产开发等资质。  ,,,,,,,,,,,,,,,,,,,,,,,,文娱传媒
阿里巴巴,145,多维度,上海多维度网络科技股份有限公司,0,C轮,C,2018/7/2,2018,1.1,110000000,3,5,上海多维度网络科技股份有限公司发明了社交性反向竞价模式的【爱抢购】，是一个价格你做主的APP，一经推出即荣登苹果APPStore生活类排名前三，仅仅数月即在上海O2O应用领域获得较领先的地位。如今已在全国十多个一二线大城市开设分站，获得了数百万用户和近2万家签约商户的高度认可。  ,,,,,,,,,,,,,,,,,,,,,,,,社交社区
阿里巴巴,148,Paytm,One97 Communications Ltd,印度,E轮,E,2018/6/13,2018,29.1475,2914750000,4,4,Paytm是一家印度移动购物和支付平台。总部位于印度诺伊达，于公元2010年加入了印度的财经科技产业，母公司为One97 Communications。公司创立初期提供手机充电、线上支付、线上购物等服务。  ,,,,,,,,,,,,,,,,,,,,,,,,金融/支付
阿里巴巴,150,小红书,行吟信息科技（上海）有限公司,0,D轮,D,2018/6/1,2018,19.65,1965000000,4,5,小红书创办于2013年，通过深耕UGC（用户创造内容）购物分享社区，发展成为全球最大的消费类口碑库和社区电商平台。  ,,,,,,,,,,,,,,,,,,,,,,,,社交社区
阿里巴巴,151,SQream,SQream Technologies Ltd.,以色列,B轮,B,2018/5/30,2018,1.7292,172920000,3,3,SQream是一个GPU数据库提供商，为大数据集分析提供数据库服务，具有商业智能加速功能，可以根据大型数据集进行智能时间决策，旗下拥有用于分析数据集的GPU数据库“SQream DB”，具有快速访问数据的功能。  ,,,,,,,,,,,,,,,,,,,,,,,,企业服务
阿里巴巴,160,Video++,上海极链网络科技有限公司,0,C轮,C,2018/4/10,2018,3.49,349000000,3,13,Video++是国内最大的AI+视频营销服务商。专注于消费级视频的AI科技公司，为平台提供AI、电商、互动娱乐、情景广告、视频搜索、视频头条等系统应用。  ,,,,,,,,,,,,,,,,,,,,,,,,人工智能
阿里巴巴,162,商汤科技,北京市商汤科技开发有限公司,0,C轮,C,2018/4/9,2018,39.3,3930000000,4,13,SenseTime是一家专注于计算机视觉和深度学习原创技术的创业公司，目前已开始对外提供精准的人脸识别技术，以及集成了人脸识别、危险品识别、行为检测、车辆检测等的安防监控系统。隶属于北京市商汤科技开发有限公司。  ,,,,,,,,,,,,,,,,,,,,,,,,人工智能
阿里巴巴,166,饿了么,上海拉扎斯信息科技有限公司,0,并购,Merger,2018/4/2,2018,622.25,62225000000,5,11,饿了么是中国专业的网上订餐平台，目前已覆盖北京、上海、杭州、广州等300多个城市，提供各类中式、日式、韩式、西式、下午茶、夜宵等优质美食，并提供送餐上门服务，让订餐更加轻松！  ,,,,,,,,,,,,,,,,,,,,,,,,生活服务
阿里巴巴,168,Kloudless,Kloudless,台湾,A轮,A,2018/3/27,2018,0.393,39300000,2,3,Kloudless是一款云存储API，允许开发人员使用单个REST API进行构建，而不必使用许多不同的API进行编码。它可以立即将多个云存储服务连接到您的应用。您只编写一次代码，并且您的应用程序一次连接到多个云服务，而不是单独集成每个云服务。Kloudless负责整合，持续维护和错误处理，以便您可以专注于构建出色的产品。  ,,,,,,,,,,,,,,,,,,,,,,,,企业服务
阿里巴巴,171,ofo小黄车,北京拜克洛克科技有限公司,0,E+轮,E,2018/3/13,2018,56.723,5672300000,4,10,ofo小黄车首创“单车共享”模式是全球第一个无桩共享平台。目前已成为中国规模最大的校园交通代步解决方案，为广大高校师生提供便捷经济、绿色低碳、更高效率的校园共享单车服务。ofo 共享单车怀揣“随时随地有车骑”的朴素愿景来到城市，试图满足人们短途代步的需求，更用这辆单车，重新丈量人们经过的每一条路线，找寻与城市的全新连接方式。  ,,,,,,,,,,,,,,,,,,,,,,,,汽车交通
阿里巴巴,179,XpressBees,Busybees Logistics Solutions Pvt Ltd.,印度,C轮,C,2018/1/30,2018,2.2925,229250000,3,19,Xpressbees是于2015年创立的一家电子商务物流公司，公司提供最后一公里配送、逆向物流、托收货款、接代发货、供应商管理、跨境服务、专递服务和量身定制软件解决方案等服务。  ,,,,,,,,,,,,,,,,,,,,,,,,物流运输
阿里巴巴,180,小鹏汽车,广州橙行智动汽车科技有限公司,0,B轮,B,2018/1/29,2018,22,2200000000,4,10,小鹏汽车是一家电动汽车生产制造商，致力于应用新的技术、工艺和商业模式，打造年轻人喜爱的智能化电动汽车。汽车拥有低速自动驾驶跟随的功能，并为解决停车难的困扰，开发了包括自动泊车以及远程召唤的功能。隶属于广州橙行智动汽车科技有限公司。  ,,,,,,,,,,,,,,,,,,,,,,,,汽车交通
阿里巴巴,181,Nexar,Nexar,台湾,B轮,B,2018/1/26,2018,1.965,196500000,3,10,Nexar的行车记app依赖于计算机视觉和传感器融合算法来检测事故并分析路况，然后向其网络中的其它车辆发送实时警告。公司的技术也被保险公司用来进行交通事故的再现，以辅助索赔调查。  ,,,,,,,,,,,,,,,,,,,,,,,,汽车交通
阿里巴巴,182,SpaceCycle,北京史贝斯健身管理有限公司,0,B轮,B,2018/1/18,2018,1,100000000,3,22,SpaceCycle是一个运动健身平台，该平台以音乐、时尚、运动、社群为核心，不同于传统授课方式，学员们可以以自己喜欢的音乐风格出发，把音乐节奏融入到重量训练、瑜伽延展中，打造带动身心体验的时尚运动。平台提供Cycle、Barre、Yoga三种课程。  ,,,,,,,,,,,,,,,,,,,,,,,,其他
阿里巴巴,184,Citiesocial,Citiesocial,台北,A轮,A,2018/1/9,2018,0.180125,18012500,2,6,Citiesocial成立2011年，总部位于台北，是一个专注于美食、设计的线上百货，发现和分享精致物品，提供限时优惠导购等，目前在台湾和香港两地拥有60万用户。其服务已经拓展到了中国大陆，韩国和日本等地。  ,,,,,,,,,,,,,,,,,,,,,,,,电子商务
阿里巴巴,185,魔点科技,杭州魔点科技有限公司,0,A轮,A,2018/1/5,2018,0.5,50000000,2,13,杭州魔点科技有限公司，成立于2016年12月底，总部位于浙江杭州。魔点是一家将先进的人工智能技术与行业应用相结合的科技型企业，深耕智能办公、智慧校园和智慧社区等领域。凭借领先的产品化能力和高效的数据服务水平，魔点坚持用互联网、AI思维打造智能硬件，着重打造“智连”能力，实现“人、物、组织”以及生态的智能连接，助推人工智能技术场景化落地，让科技服务于人，让数据创造价值。同时，依托 “云+端”开放OpenAPI的核心模式，魔点赋能各行业实现数字化升级。截至目前，已累计有超过20万家企业客户选择了魔点的产品及服务。  ,,,,,,,,,,,,,,,,,,,,,,,,人工智能
阿里巴巴,188,叠境数字,叠境数字科技（上海）有限公司,0,Pre-A轮,A,2017/12/27,2017,5,500000000,3,21,叠境数字是一家光场内容技术服务商，主要提供以光场采集、处理、显示为核心的VR/AR/MR解决方案，业务范围涉及物体和动态人物的360度3D光场采集、建模和渲染以及光场 VR 、AR内容生成，向内环视和向外环视360度3D视频直播等，应用于媒体、电商购物、建筑、教育、医疗等领域。  ,,,,,,,,,,,,,,,,,,,,,,,,AR/VR
阿里巴巴,190,Glo VR,GLO VR,香港,天使轮,Angel/Seed,2017/12/15,2017,0.1965,19650000,2,21,Glo是一家致力于在所有VR平台上创建优质VR内容和体验的VR公司。目标是创建一个“超逼真的密室逃亡体验”，让用户们可以共同完成目标，并在VR中“逃离”一个房间。  ,,,,,,,,,,,,,,,,,,,,,,,,AR/VR
阿里巴巴,193,企加云,埃森哲企云科技（杭州）有限公司,0,A轮,A,2017/12/7,2017,1,100000000,3,3,企加云是一家CRM系统服务提供商，通过打通线上线下数据行为和交易数据构建精准的用户群体画像，助力企业用户进行高客单价零售或高端用户升级服务，提升用户满意度。  ,,,,,,,,,,,,,,,,,,,,,,,,企业服务
阿里巴巴,198,高鑫零售,高鑫零售有限公司,0,并购,Merger,2017/11/20,2017,224,22400000000,5,17,高鑫零售是一家大卖场运营商，通过线下连锁加盟，线上自建网络平台等模式进行产品销售，主要运营百货类、家纺及餐桌用品等，以“欧尚”及“大润发”两大知名品牌经营大卖场业务。  ,,,,,,,,,,,,,,,,,,,,,,,,食品/商贸零售
阿里巴巴,199,Kneron,深圳市耐能人工智能有限公司,0,A轮,A,2017/11/15,2017,0.655,65500000,2,13,Kneron主推移动终端设备上的便携式人工智能系统、定制化微小内存软件及高效能低功耗的硬件加速器产品。其终端人工智能产品可以应用在智能物联网、智能车联网、安防、无人机等领域。隶属于深圳市耐能人工智能有限公司。  ,,,,,,,,,,,,,,,,,,,,,,,,人工智能
阿里巴巴,200,美味生活HowLiving,美味生活股份有限公司,香港,Pre-A轮,A,2017/11/15,2017,0.262,26200000,2,6,美味生活HowLiving以原创美食视频为主要内容，主打快速简单的低卡食谱、烘焙以及亲子饮食，并不定期推出瘦身午餐、轻食、饮品等特别专题。除了美食视频以外，美味生活还推出了垂直电商平台，主营烘焙领域厨房用品及烹调小家电等。此外，美味生活也有自有品牌商品，如食谱书以及松饼粉，并举办线下活动“美味生活节”，进行美食分享、健康讲座、亲子互动活动，并不定期在线下活动中以快闪市集形式销售电商平台产品。  ,,,,,,,,,,,,,,,,,,,,,,,,电子商务
阿里巴巴,202,WeLend,香港WeLab公司,香港,B轮,B,2017/11/8,2017,14.41,1441000000,4,4,WeLend是香港一家P2P借贷服务平台，利用科技并结合大数据分析，实施网上即时自动审批技术，致力于为用户提供快速的借贷服务。主要贷款产品：私人贷款、免文件贷款、清卡数贷款、分期付款、手机分期等。  ,,,,,,,,,,,,,,,,,,,,,,,,金融/支付
阿里巴巴,204,大搜车,北京搜车网科技有限公司,0,E轮,E,2017/11/1,2017,21.9425,2194250000,4,10,大搜车是中国领先的汽车新零售和新金融平台 ，为汽车经销商提供软件、金融、交易及营销等一站式服务，通过汽车经销商经营管理及交易服务SaaS产品等服务于二手车商、新车二网以及4s店，产品包括“大风车”、“车牛”、“车行168”等。  ,,,,,,,,,,,,,,,,,,,,,,,,汽车交通
阿里巴巴,206,Umbo Computer Vision,盾心科技股份有限公司,台湾,A轮,A,2017/10/25,2017,0.3275,32750000,2,13,Umbo Computer Vision 是专主A.I. 影像辨识与自主学习的创新公司，研发能量注重‘行为预测’分析，透过人类的智慧教监视器能看懂犯罪。其自主研发的 AI 核心:Umbo Light运用深度学习的类神经网路架构，将电脑视觉商用化在安全监控相机上，教导监视器主动判断画面中的跟人相关的所有行为，并在事件发生第一时间进行通报。透过 AI 有效大幅提升执勤人员效率。  ,,,,,,,,,,,,,,,,,,,,,,,,人工智能
阿里巴巴,207,Magic Leap,Magic Leap Inc.,美国,D轮,D,2017/10/18,2017,2.62,262000000,3,21,Magic Leap是一家美国AR可穿戴设备研发商，开发的产品主要针对开发创作者，主要研发方向是将立体3D图像无缝整合到真实场景，让用户在真实场景的基础上能直接看到虚拟场景并与之互动。公司开发的产品有“Magic Leap One”。  ,,,,,,,,,,,,,,,,,,,,,,,,AR/VR
阿里巴巴,208,Prenetics,Prenetics Limited,香港,B轮,B,2017/10/18,2017,32.88099999,3288099999,4,7,Prenetics是东南亚地区领先的基因主导数码化医疗保健公司。Prenetics便能赋予客户重要的健康资讯。只需要简单的唾液样本，客户就能了解基因如何影响自己的饮食丶药物反应丶疾病与癌症风险。这种资讯能使人们主动预防疾病，改善生活方式，去拥抱更健康人生。  ,,,,,,,,,,,,,,,,,,,,,,,,医疗健康/生物医药
阿里巴巴,210,MariaDB,MariaDB,美国,C+轮,C,2017/10/1,2017,1.7685,176850000,3,3,MariaDB 产品包括 Maria DB Server、MaxScale 数据库代理，ColumnStore 分布式数据存储引擎、技术支持、培训等。MariaDB最著名的业务就是提供MySQL服务器最流行的替代品。目前全球共计有 1200 万用户，包括 booking.com、惠普、维珍移动、维基百科等，提供混合云、公共云和私有云部署。  ,,,,,,,,,,,,,,,,,,,,,,,,企业服务
阿里巴巴,213,EJOY简悦,广州简悦信息科技有限公司,0,并购,Merger,2017/9/26,2017,10,1000000000,4,2,广州简悦科技（EJOY）是一家家新兴的网络游戏开发和运营公司，产品有《狂刃OL》等。  ,,,,,,,,,,,,,,,,,,,,,,,,游戏
阿里巴巴,216,Bigbasket,Supermarket Grocery Supplies Private Limited,印度,E+轮,E,2017/9/8,2017,18.34,1834000000,4,17,Bigbasket是一家印度生鲜食品及杂货平台，旗下拥有诸多品牌，如Fresho（主要配送果蔬、肉类和烘烤食品）、Royal（主要配送主食、茶饮和麦片）及Tasties（主要配送零食）等。  ,,,,,,,,,,,,,,,,,,,,,,,,食品/商贸零售
阿里巴巴,218,衣二三,北京尚世骁众科技有限公司,0,C轮,C,2017/9/6,2017,3.275,327500000,3,6,衣二三是一个女性时装共享平台，用户每月支付499元租金即可成为会员，会员期间可以无限次试穿平台所有品类的服装，每次可租借三件衣服。同时邀请品牌入驻平台，提供租用服务同时提供售卖服务，包括KENZO、Acne Studios、Self-Portrait在内的轻奢品牌以及peacebird、Masha Ma时尚商业品牌和设计师品牌，并通过自建中央智能洗衣工厂，为用户提供全程免洗免运费服务。  ,,,,,,,,,,,,,,,,,,,,,,,,电子商务
阿里巴巴,219,七牛云,上海七牛信息技术有限公司,0,E轮,E,2017/8/28,2017,10,1000000000,4,3,七牛云是国内领先的第三方独立云计算及数据服务提供商，专注于以数据管理为中心的云计算业务研发和运营，围绕富媒体场景推出了对象存储、融合CDN 加速、容器计算云、大数据平台、人工智能平台等产品，并提供一站式视频云解决方案。  ,,,,,,,,,,,,,,,,,,,,,,,,企业服务
阿里巴巴,223,翱捷科技,翱捷科技股份有限公司,0,A轮,A,2017/8/8,2017,1.49,149000000,3,14,翱捷科技（上海）有限公司致力于移动智能通讯终端、物联网、导航及其他消费类电子芯片的平台研发、方案提供、技术支持和服务等，产品线覆盖包括2G、3G、4G、5G以及IOT在内的多制式通讯标准。  ,,,,,,,,,,,,,,,,,,,,,,,,电信/通信
阿里巴巴,226,日日煮,上海微食信息科技有限公司,0,B轮,B,2017/7/13,2017,1,100000000,3,9,日日煮为美食生活领域内容创业者搭建的资源共享平台。其特点是垂直美食和生活方式领域，构建内容创业者生态，探索内容创业模式，挖掘和打造IP和品牌矩阵，为内容创业者提供资源和资本支持。打造全国垂直力最强、影响力最大的美食生活内容创业者联盟。  ,,,,,,,,,,,,,,,,,,,,,,,,直播/视频
阿里巴巴,227,CompareAsiaGroup,CompareAsiaGroup,香港,B轮,B,2017/7/11,2017,3.275,327500000,3,4,CompareAsiaGroup是一个理财服务比较平台，涵盖从信用卡、贷款到健康和汽车保险的服务，致力于为消费者提供个性化理财产品。  ,,,,,,,,,,,,,,,,,,,,,,,,金融/支付
阿里巴巴,228,SingSaver,SingSaver,新加坡,B轮,B,2017/7/11,2017,3.275,327500000,3,4,SingSaver 主要帮助个人消费者推荐最合适的金融产品，包括信用卡、个人贷款和保险等，他们专属的人工智能及机器学习金融服务对比工具，能让用户一目了然地看到金融产品的优劣。  ,,,,,,,,,,,,,,,,,,,,,,,,金融/支付
阿里巴巴,229,ofo小黄车,北京拜克洛克科技有限公司,0,E轮,E,2017/7/6,2017,45.85,4585000000,4,10,ofo小黄车首创“单车共享”模式是全球第一个无桩共享平台。目前已成为中国规模最大的校园交通代步解决方案，为广大高校师生提供便捷经济、绿色低碳、更高效率的校园共享单车服务。ofo 共享单车怀揣“随时随地有车骑”的朴素愿景来到城市，试图满足人们短途代步的需求，更用这辆单车，重新丈量人们经过的每一条路线，找寻与城市的全新连接方式。  ,,,,,,,,,,,,,,,,,,,,,,,,汽车交通
阿里巴巴,232,NonoLive,广州世讯信息科技有限公司,0,A轮,A,2017/6/19,2017,3.275,327500000,3,9,Nono Live是一款适合国际市场的直播产品，于2016年6月初首先在印尼上线，产品覆盖iOS及Android。目前Nonolive直播平台共有数百名主播为海外用户提供唱歌、舞蹈、挑战等丰富的泛娱乐内容，Nonolive在用户规模、收入规模和知名度都是当地Top2的直播平台，隶属于广州世讯信息科技有限公司。  ,,,,,,,,,,,,,,,,,,,,,,,,直播/视频
阿里巴巴,234,数梦工场,杭州数梦工场科技有限公司,0,A轮,A,2017/6/8,2017,7.5,750000000,3,3,数梦工场是一家云计算及大数据解决方案提供商，产品有DThink大数据一体机等。  ,,,,,,,,,,,,,,,,,,,,,,,,企业服务
阿里巴巴,235,TicketNew,Orbgen Technologies Pvt. Ltd.,印度,并购,Merger,2017/6/6,2017,1.3,130000000,3,11,TicketNew是一家金奈的创企，能为印度300多家城市提供电影票预订服务。  ,,,,,,,,,,,,,,,,,,,,,,,,生活服务
阿里巴巴,236,百胜软件,上海百胜软件股份有限公司,0,并购,Merger,2017/6/1,2017,1.2,120000000,3,3,上海百胜软件股份有限公司成立于2000年，是全渠道数字零售解决方案服务商，为零售行业提供运营咨询和数字化解决方案，业务涵盖企业中台、数字零售、电子商务、移动应用、云计算服务、大数据应用、仓储物流等领域。  ,,,,,,,,,,,,,,,,,,,,,,,,企业服务
阿里巴巴,239,Qupital,Qupital,香港,种子轮,Angel/Seed,2017/5/18,2017,0.131,13100000,2,4,Qupital是香港首家在线发票贴现交易平台。它希望解决公司无法迅速获得现金的问题，通过拍卖未付款发票让公司在该网站融资。这实质上相当于将公司的应收账款证券化。投资者，或Qupital所称的“出资者”可评估和竞购希望融资的公司在Qupital上列出的发票。一旦该公司从它们的债务人手中获得付款，Qupital即自动将这笔资金连同利息转给“出资者”。  ,,,,,,,,,,,,,,,,,,,,,,,,金融/支付
阿里巴巴,245,Wayray,Wayray,俄罗斯,B轮,B,2017/3/15,2017,1.179,117900000,3,21,Wayray是一家AR公司，核心产品是采用增强现实技术的汽车导航设备Navion，Navion是将导航全息影像从仪表盘上的一个小装置上投掷到挡风玻璃。挡风玻璃上的全息图像包括导航信息和安全提示。产品使用过程中，用户会感觉到地面上出现很多的箭头，只要沿着箭头指示开车就可以到达目的地。  ,,,,,,,,,,,,,,,,,,,,,,,,AR/VR
阿里巴巴,247,Paytm,One97 Communications Ltd,印度,D轮,D,2017/3/3,2017,13.1,1310000000,4,4,Paytm是一家印度移动购物和支付平台。总部位于印度诺伊达，于公元2010年加入了印度的财经科技产业，母公司为One97 Communications。公司创立初期提供手机充电、线上支付、线上购物等服务。  ,,,,,,,,,,,,,,,,,,,,,,,,金融/支付
阿里巴巴,251,ZStack,上海云轴信息科技有限公司,0,A轮,A,2017/1/18,2017,0.5,50000000,2,3,ZStack是一家专注于产品化的国产自主创新开源云计算服务商，面向企业用户提供自研的ZStack私有云和ZStack混合云方案，ZStack云平台坚守4S理念，即Simple (简单)、Strong (健壮)、Smart (智能)、Scalable (弹性)，为上千家企业用户带去轻量、简便、好用的上云体验。  ,,,,,,,,,,,,,,,,,,,,,,,,企业服务
阿里巴巴,252,美味不用等,美味不用等（上海）信息科技股份有限公司,0,C+轮,C,2017/1/6,2017,5,500000000,3,11,美味不用等是一个基于LBS的餐厅排队解决方案APP，提供手机排队取号、查看排队实时进展、快到叫号提前提醒、手机店外点菜自助打单、手机店内点菜一键下单等服务。上海普景信息科技有限公司旗下。  ,,,,,,,,,,,,,,,,,,,,,,,,生活服务
阿里巴巴,253,趣拍云,杭州短趣网络传媒技术有限公司,0,A轮,A,2017/1/5,2017,0.3,30000000,2,1,杭州短趣网络传媒技术有限公司创建于2009年6月，深耕移动视频行业3年多，旗下产品趣拍在移动视频录制、处理（滤镜、动图、MV、音乐合成）等方面积累与沉淀了大量的产品、技术能力。趣拍云是目前国内唯一一家提供短视频、直播云服务一站式解决方案的服务商。  ,,,,,,,,,,,,,,,,,,,,,,,,文娱传媒
阿里巴巴,256,大麦网,北京大麦文化传媒发展有限公司,0,D轮,D,2017/1/1,2017,0.1,10000000,2,1,大麦集团（北京红马传媒文化发展有限公司），成立于2004年，是中国知名的LIVE娱乐发行平台，华语地区优质的演出、体育票务及科技服务平台。旗下核心业务部门大麦网，是全球华语排名领先的知名票务品牌。  ,,,,,,,,,,,,,,,,,,,,,,,,文娱传媒
阿里巴巴,261,Barefoot,"Barefoot Networks, Inc.",美国,C+轮,C,2016/11/23,2016,1.5065,150650000,3,22,Barefoot是一个团队是谁创造了一个蓝图，设计和经营世界上最快，最可编程网络有远见，经验丰富的技术人员和工程师。  ,,,,,,,,,,,,,,,,,,,,,,,,其他
阿里巴巴,268,Grana,Grana,香港,A轮,A,2016/10/4,2016,0.655,65500000,2,22,Grana的黄金法则是：品质。Grana的面料供应商来自全球各地，包括：中国浙江湖州丝绸，蒙古羊毛，爱尔兰亚麻，日本牛仔布，秘鲁特级长绒棉比马棉，法国府绸，中国斜纹棉布，意大利美利奴羊毛和日本条纹布等，很多为奢侈大牌供货。通过与面料供应商直接合作，Grana自行设计并组织生产，以亲民的价格为顾客们带来奢侈品级别的高质量服装。  ,,,,,,,,,,,,,,,,,,,,,,,,其他
阿里巴巴,269,日日煮,上海微食信息科技有限公司,0,A+轮,A,2016/9/30,2016,0.35,35000000,2,9,日日煮为美食生活领域内容创业者搭建的资源共享平台。其特点是垂直美食和生活方式领域，构建内容创业者生态，探索内容创业模式，挖掘和打造IP和品牌矩阵，为内容创业者提供资源和资本支持。打造全国垂直力最强、影响力最大的美食生活内容创业者联盟。  ,,,,,,,,,,,,,,,,,,,,,,,,直播/视频
阿里巴巴,271,亚博科技控股,亚博科技控股有限公司,0,并购,Merger,2016/8/27,2016,20.5,2050000000,4,4,亚博科技提供多元化的体育彩票管理服务、投注站和连锁渠道营运、彩票游戏开发及系统建设，以及终端机销售与彩票技术研发。亚博科技更有幸获国家体育总局体育信息中心授权，成为电子竞技运动项目的唯一官方营运商，积极协助并参与中国政府促进体育彩票和数字体育产业的发展。  ,,,,,,,,,,,,,,,,,,,,,,,,金融/支付
阿里巴巴,272,目睹直播,杭州雅顾科技有限公司,0,A轮,A,2016/8/10,2016,0.5,50000000,2,9,目睹直播隶属于杭州雅顾科技有限公司，是国内领先的网络直播服务平台，能为企业快速构建直播能力。目睹直播共包括4条产品线，分别是直播平台、云导播台、发行联盟以及直播工具，解决企业与媒体在直播、制播、互动运营、推广发行等痛点。我们以一个全新的方式和服务进入直播这一领域，致力于帮助用户在移动互联网时代更加便捷、快速、有效地建立团队及客户联系，并提供市场营销的新方式及思路。  ,,,,,,,,,,,,,,,,,,,,,,,,直播/视频
阿里巴巴,273,小声说,扬州合乐网络技术有限公司,0,A轮,A,2016/8/9,2016,0.5,50000000,2,5,小声说是一款最有趣的匿名语音社交软件，在这里，学生党搞笑聊天，上班族解压交友，世界上的每个人，都在小声说出自己的独一无二的故事。  ,,,,,,,,,,,,,,,,,,,,,,,,社交社区
阿里巴巴,274,闪电购,杭州鲜趣闪购网络科技有限公司,0,C轮,C,2016/8/8,2016,2.67,267000000,3,6,闪电购是一个提供极速购物及送货的移动社区电商平台，目前已开通杭州市场，隶属于杭州鲜趣闪购网络科技有限公司。  ,,,,,,,,,,,,,,,,,,,,,,,,电子商务
阿里巴巴,278,AI财经社,北京博雅天下传媒文化发展有限公司,0,A轮,A,2016/6/23,2016,0.5,50000000,2,1,AI财经社(www.aicaijing.com.cn) 专注引领未来的商业科技新闻。关注重大事件、典型公司，提供最专业的深度原创报道，北京博雅天下传媒文化发展有限公司旗下。  ,,,,,,,,,,,,,,,,,,,,,,,,文娱传媒
阿里巴巴,279,安华金和,北京安华金和科技有限公司,0,B轮,B,2016/6/22,2016,0.5,50000000,2,3,安华金和自2009年成立至今，一直专注于数据安全领域，是中国专业的数据安全产品及解决方案提供商，中国“数据安全治理”体系框架的提出者和践行者；能够提供包括敏感数据发现、数据分级分类、数据流动过程管控及数据审计监控等在内的数据安全治理整体解决方案，产品和服务覆盖数据使用的全生命周期！同时，安华金和在公有云和私有云数据安全方面国内领先，与阿里云、华为云在云安全方面建立战略合作伙伴关系。  ,,,,,,,,,,,,,,,,,,,,,,,,企业服务
阿里巴巴,282,Twiggle,Twiggle,以色列,A轮,A,2016/6/1,2016,0.34715,34715000,2,6,Twiggle是一家开发电子商务搜索引擎的初创公司，Twiggle的目标是开发一种比目前的搜索方案更精确搜索结果的电子商务搜索引擎，让用户即使是输入一些非常口语对话式语言也能获得非常精确的搜索结果。  ,,,,,,,,,,,,,,,,,,,,,,,,电子商务
阿里巴巴,284,盖得排行,广州盖得排行信息科技有限公司,0,天使轮,Angel/Seed,2016/5/9,2016,0.1,10000000,2,11,盖得排行（GuideRank）致力于客观、中立的商品品牌排名，为消费升级时代的中国居民提供有价值的消费参考意见。它是一个全品类的居民日用消费品大辞典，用户在购物前，可以在盖得APP、微信、网站，搜索某类商品的排名，为消费决策提供参考。同时，它也是一个媒体，每日更新各种有趣有用的的消费指南文章。盖得排行以 PGC 形式，为商品和门店做了一个排行榜，内容包括本地美食、酒店、娱乐等各类消费内容排行。团队会搜集各类数据库和机构的测评报告，然后结合专家访谈和自行体验，通过多个维度总结出一个相对客观、公正的商品品牌排行，盖得排行强调其榜单严禁竞价排名和收费排名。  ,,,,,,,,,,,,,,,,,,,,,,,,生活服务
阿里巴巴,286,YEECHOO,YEECHOO INTERNATIONAL HOLDINGS LIMITED,香港,A轮,A,2016/5/5,2016,0.3275,32750000,2,11,YEECHOO是一家成立于香港的设计品牌服饰租赁及共用平臺。YEECHOO让“体验重于拥有”这种新的生活态度变为现实 － 顾客仅需支付零售价的少部分就能穿上在这个无限大衣橱里的各式高档设计品牌服饰。  ,,,,,,,,,,,,,,,,,,,,,,,,生活服务
阿里巴巴,287,快狗速运,高高信息科技（上海）有限公司,0,C轮,C,2016/5/5,2016,3.275,327500000,3,19,快狗速运（此前叫GoGoVan）是一个货运物流平台，对接司机和用户两端，旨在解决用户家具搬运、宠物接送，商家用户货物运载、交收派货时的用车需求。高高信息科技（上海）有限公司旗下产品。  ,,,,,,,,,,,,,,,,,,,,,,,,物流运输
阿里巴巴,289,雷达体育,北京舒福乐科技有限公司,0,A轮,A,2016/4/26,2016,0.1,10000000,2,4,Sportradar(雷达体育)是一家体育大数据、体育投注数据供应商，以Sportradar XML原数据为基准，开发出嵌套版数据供各大彩票公司使用。北京舒福乐科技有限公司旗下产品。  ,,,,,,,,,,,,,,,,,,,,,,,,金融/支付
阿里巴巴,291,Lazada,Lazada,新加坡,并购,Merger,2016/4/12,2016,65.5,6550000000,4,6,Lazada，东南亚地区最大的在线购物网站之一。获得德国创业孵化器RocketInternet桑威尔兄弟(SamwerBrothers)支持，Lazada的目标主要是印尼、马来西亚、菲律宾以及泰国用户。  ,,,,,,,,,,,,,,,,,,,,,,,,电子商务
阿里巴巴,292,驻云科技,上海驻云信息科技有限公司,0,B轮,B,2016/4/6,2016,0.5,50000000,2,3,上海驻云信息科技有限公司成立于2013年，是国内领先的企业级智能数据服务平台提供商，致力于将普惠的计算能力落实到每家企业，让智能数据驱动企业核心业务。驻云科技深耕云计算管理和数据监控服务。  ,,,,,,,,,,,,,,,,,,,,,,,,企业服务
阿里巴巴,293,超级讲师,北京易智享科技有限公司,0,天使轮,Angel/Seed,2016/4/3,2016,0.04,4000000,1,8,超级讲师是一个覆盖iOS、安卓、网站于一体的教育网站。用户使用我们开发的App轻松地制作微课视频并分享给您的学生。“高效教，有效学，让教学更轻松”是我们坚定于心的企业愿景。  ,,,,,,,,,,,,,,,,,,,,,,,,教育培训
阿里巴巴,294,ENJOYZ足球装备网,厦门享动网络科技有限公司,0,天使轮,Angel/Seed,2016/3/30,2016,0.05,5000000,1,5,ENJOYZ足球装备网是专业的中文足球装备垂直门户和社区，是足球圈用户十分喜好的中文足球装备网站，旨在为足球爱好者提供更好的足球内容资讯和产品评测，努力为足球文化的推广而服务。  ,,,,,,,,,,,,,,,,,,,,,,,,社交社区
阿里巴巴,296,神州优车,神州优车股份有限公司,0,C轮,C,2016/3/24,2016,30,3000000000,4,10,"神州优车股份有限公司通过B2C运营模式从事互联网专车业务,并充分利用行业资源积累及协同效应进一步拓展汽车产业链的其他业务。主要产品通讯设备业务、专车业务、接送机、企业服务。公司获得了2015年度AppTOP10、八大智能出行品牌、行业领先品牌、最受欢迎智能出行平台、年度最佳互联网出行服务品牌等荣誉称号。  ",,,,,,,,,,,,,,,,,,,,,,,,汽车交通
阿里巴巴,297,盒马,上海盒马网络科技有限公司,0,A轮,A,2016/3/12,2016,9.825,982500000,3,17,盒马是阿里巴巴集团旗下，以数据和技术驱动的新零售平台。盒马希望为消费者打造社区化的一站式新零售体验中心，用科技和人情味带给人们“鲜美生活”。  ,,,,,,,,,,,,,,,,,,,,,,,,食品/商贸零售
阿里巴巴,298,百材互联,深圳百材互联科技有限公司,0,A轮,A,2016/3/1,2016,0.05,5000000,1,20,百材互联是一个家装建材行业移动订货系统提供商。帮助装修建材行业建立互联网全渠道销售模式，构建专属订货平台。深圳东方建成科技有限公司旗下。  ,,,,,,,,,,,,,,,,,,,,,,,,房产家居
阿里巴巴,300,明我科技,上海明我信息技术有限公司,0,天使轮,Angel/Seed,2016/3/1,2016,0.5,50000000,2,3,上海明我信息技术有限公司（简称“明我”），总部位于上海，在杭州设有研发中心。明我以“快乐工作”为使命，致力于成为世界级的产品公司。从2016年涉足智能办公领域至今，客户遍布全国。明我是阿里投资的第一批智能办公领域企业，钉钉是我们的使命级合作伙伴。明我为各个类型的企业及成长型组织，提供软硬件一体的智能办公解决方案；先后助力上海市政府、北京银行、兖矿集团、旭辉集团、中南置地、森马服饰、卡西欧等多类企、事业单位实现智慧办公与高效管理的工作变革。  ,,,,,,,,,,,,,,,,,,,,,,,,企业服务
阿里巴巴,306,西行客,深圳市智商互联网络科技有限公司,0,天使轮,Angel/Seed,2016/2/3,2016,0.05,5000000,1,15,西行客是一款专注于自驾游的移动App应用，目前主要以藏区自驾游为主，提供行程中所需的内容和服务，包括路线规划，景点分布，路况查询，住宿餐饮，新闻资讯以及当地风俗文化介绍。  ,,,,,,,,,,,,,,,,,,,,,,,,旅游/OTA
阿里巴巴,307,Magic Leap,Magic Leap Inc.,美国,C轮,C,2016/2/2,2016,52.007,5200700000,4,21,Magic Leap是一家美国AR可穿戴设备研发商，开发的产品主要针对开发创作者，主要研发方向是将立体3D图像无缝整合到真实场景，让用户在真实场景的基础上能直接看到虚拟场景并与之互动。公司开发的产品有“Magic Leap One”。  ,,,,,,,,,,,,,,,,,,,,,,,,AR/VR
阿里巴巴,308,丸子地球,上海幻橙网络科技有限公司,0,A轮,A,2016/1/29,2016,0.5,50000000,2,15,丸子地球(前身叫：一客丸子)是一家专注出境旅行私人定制的旅游网站，在全球43个国家300多座城市提供私人导游定制服务。此前主打游客与本地人（地主）旅游对接服务。  ,,,,,,,,,,,,,,,,,,,,,,,,旅游/OTA
阿里巴巴,310,思必驰,苏州思必驰信息科技有限公司,0,C轮,C,2016/1/18,2016,2,200000000,3,13,思必驰是一家智能语音技术解决方案提供商，致力于提供自然语言人机交互解决方案，应用于智能车载、智能家居和智能机器人领域，并且拥有语音识别、语音合成、语义对话及语义唤醒等技术。  ,,,,,,,,,,,,,,,,,,,,,,,,人工智能
阿里巴巴,311,PlaceIQ,"PlaceIQ, Inc.",美国,D轮,D,2016/1/14,2016,1.6375,163750000,3,3,PlacelQ 创立于 2010 年，总部位于纽约，致力于为客户提供位置工具和数据服务，确保广告客户的营销活动能够覆盖更多的移动品牌受众。公司将位置数据与营销人员提供的“第一方”数据相结合，利用其对位置和消费者活动的了解来覆盖目标受众，更全面地了解消费者的行为信息。  ,,,,,,,,,,,,,,,,,,,,,,,,企业服务
阿里巴巴,314,24季私享家,浙江饭美科技有限公司,0,天使轮,Angel/Seed,2015/12/11,2015,17.423,1742300000,4,6,24季私享家是一个推崇“精致、讲究”的生活方式电商平台。平台通过发起人模式，结合内容、体验和产品，遵循时令为追求生活品质的用户提供各种“吃喝玩乐”的服务。  ,,,,,,,,,,,,,,,,,,,,,,,,电子商务
阿里巴巴,315,南华早报,南华早报出版有限公司,香港,并购,Merger,2015/12/11,2015,0.25,25000000,2,1,《南华早报》成立于1903年，是香港著名英文商业报纸之一，内容覆盖中港两地以至全亚洲，过去百年来，南华早报一直是香港、内地以至亚洲最具公信力的报章。   ,,,,,,,,,,,,,,,,,,,,,,,,文娱传媒
阿里巴巴,317,五矿电商,五矿电子商务有限公司,0,A轮,A,2015/11/28,2015,5.9,590000000,3,6,五矿电商是中国五矿集团旗下的电商平台，旗下有钢铁商品现货交易电商平台“鑫益联”等。  ,,,,,,,,,,,,,,,,,,,,,,,,电子商务
阿里巴巴,318,安恒信息,杭州安恒信息技术股份有限公司,0,D轮,D,2015/11/20,2015,5,500000000,3,3,安恒信息是一家信息安全技术服务商，提供应用安全、数据库安全、网站安全监测、安全管理平台等整体解决方案。  ,,,,,,,,,,,,,,,,,,,,,,,,企业服务
阿里巴巴,319,优酷土豆,优酷信息技术（北京）有限公司,0,并购,Merger,2015/11/6,2015,305.885,30588500000,5,9,合一集团（原优酷土豆集团）是一个综合视频服务商，提供视频发布、搜索、分享、播放服务，2012年由优酷和土豆合并而成。  ,,,,,,,,,,,,,,,,,,,,,,,,直播/视频
阿里巴巴,320,Nestpick,Nestpick,德国,A轮,A,2015/11/3,2015,0.7205,72050000,2,20,Nestpick 是一家提供租房服务的公司。主要针对年轻留学生，为他们在读书期间提供3个月到3年不等的租房服务。  ,,,,,,,,,,,,,,,,,,,,,,,,房产家居
阿里巴巴,321,Paytm,One97 Communications Ltd,印度,B轮,B,2015/9/29,2015,44.54,4454000000,4,4,Paytm是一家印度移动购物和支付平台。总部位于印度诺伊达，于公元2010年加入了印度的财经科技产业，母公司为One97 Communications。公司创立初期提供手机充电、线上支付、线上购物等服务。  ,,,,,,,,,,,,,,,,,,,,,,,,金融/支付
阿里巴巴,322,点我达,浙江点我达网络科技有限公司,0,C轮,C,2015/9/18,2015,1,100000000,3,19,点我达是一家“众包模式的即时物流平台”，致力于末端即时物流服务，以众包共享模式，为用户提供直接从门到门的极速、准时、可信赖的物品送达服务。满足各类型用户在移动互联网和本地生活消费升级趋势下，对物流配送“极速、准时”送达的诉求。将一键呼叫运力服务变为现实。  ,,,,,,,,,,,,,,,,,,,,,,,,物流运输
阿里巴巴,326,Artka阿卡,杭州界内电子商务有限公司,0,B轮,B,2015/9/7,2015,0.5,50000000,2,6,Artka阿卡——杭州界内电子商务有限公司旗下淘宝原创服装设计师品牌，创立于2005年，秉承着“梦想会喜欢 Free You Dream”的设计理念享誉互联网，作品结合“阿卡 随心手艺”的创作风格，以不断追求完美的精神，把“自由、随性、追逐梦想”的品牌理念，倾注到设计、制作中（Artka即Artka阿卡原创女装）。  ,,,,,,,,,,,,,,,,,,,,,,,,电子商务
阿里巴巴,327,庆科信息,上海庆科信息技术有限公司,0,B轮,B,2015/9/7,2015,0.5,50000000,2,14,上海庆科（MXCHIP）是一家专注于嵌入式无线模块和产品的供应商，推出了一系列嵌入式Wi-Fi、ZigBee、BLE、NFC等模块产品，为物联网应用提供完备的短距离标准无线网络接入解决方案，目前产品已经批量应用于白色家电、远程医疗、智能电网、智能交通等领域。  ,,,,,,,,,,,,,,,,,,,,,,,,电信/通信
阿里巴巴,328,生活半径,径圆（上海）信息技术有限公司,0,C轮,C,2015/8/28,2015,3,300000000,3,11,生活半径是一家基于用户地理位置的本地生活服务平台，提供日常生活范围3公里为半径的本地生活服务。  ,,,,,,,,,,,,,,,,,,,,,,,,生活服务
阿里巴巴,329,数梦工场,杭州数梦工场科技有限公司,0,天使轮,Angel/Seed,2015/8/24,2015,4.5,450000000,3,3,数梦工场是一家云计算及大数据解决方案提供商，产品有DThink大数据一体机等。  ,,,,,,,,,,,,,,,,,,,,,,,,企业服务
阿里巴巴,333,千寻位置,千寻位置网络有限公司,0,天使轮,Angel/Seed,2015/8/18,2015,0.5,50000000,2,14,千寻位置是由中国兵器工业集团和阿里巴巴集团合资成立，通过北斗地基增强全国一张网的整合与建设，基于卫星定位、云计算和大数据技术，构建位置服务开放平台，提供米级至厘米级的高精准位置服务。  ,,,,,,,,,,,,,,,,,,,,,,,,电信/通信
阿里巴巴,335,微鲸科技,微鲸科技有限公司,0,A轮,A,2015/8/14,2015,20,2000000000,4,11,微鲸科技是一家专注于家庭娱乐的互联网科技公司，公司主要产品为一款互联网电视，旨在为“微鲸一代”的年轻家庭提供最好的智能产品和服务。  ,,,,,,,,,,,,,,,,,,,,,,,,生活服务
阿里巴巴,342,魅力惠,魅惠所贸易（上海）有限公司,0,C轮,C,2015/7/8,2015,196.5,19650000000,5,6,魅力惠是一个会员制奢侈品购物平台，主要销售高端服装，手表，手包，家居装饰等产品，平台根据最新的潮流趋势和客户需求，精挑细选各大时尚名品，每日9点推出低至1折的优质精品，并有专业时尚顾问为用户提出购买和使用建议。  ,,,,,,,,,,,,,,,,,,,,,,,,电子商务
阿里巴巴,343,泛亚信通网络,贵州泛亚信通网络科技有限公司,0,A轮,A,2015/7/3,2015,0.3,30000000,2,14,贵州泛亚信通网络是一家WIFI网络基础设施和数据中心建设服务商，公司承接项目包括贵阳全域公共免费Wi-Fi与大数据总线项目等。  ,,,,,,,,,,,,,,,,,,,,,,,,电信/通信
阿里巴巴,344,沃天下供应链,广东沃天下供应链管理有限公司,0,天使轮,Angel/Seed,2015/6/24,2015,0.5,50000000,2,19,沃天下供应链是一家智能仓储服务提供商，公司以电子商务仓储物流服务和电商仓储计算机技术服务为核心，同时发展跨境电子商务、电子商务代运营等业务，致力于成为提供全方位供应链系统方案和供应链系统管理服务的综合电商企业。  ,,,,,,,,,,,,,,,,,,,,,,,,物流运输
阿里巴巴,347,向上影业,东阳向上影业有限公司,0,Pre-A轮,A,2015/6/18,2015,1,100000000,3,1,东阳向上影业有限公司是一家集投资、制作、IP孵化、艺人经纪、动漫、营销、演唱会IP孵化于一身的综合性电影公司，公司专注于悬疑探险类电影项目的开发与制作。   ,,,,,,,,,,,,,,,,,,,,,,,,文娱传媒
阿里巴巴,349,柚子,北京壹平台科技有限公司,0,B轮,B,2015/6/5,2015,0.5,50000000,2,16,北京壹平台科技有限公司成立于2006年2月，专注于手机app的研发和运营，管理团队来自电信/互联网、网络游戏等前沿行业，拥有强势的技术研发实力和市场运营推广背景。  ,,,,,,,,,,,,,,,,,,,,,,,,科创/技术研发
阿里巴巴,352,车来了,武汉元光科技有限公司,0,B轮,B,2015/6/3,2015,0.9825,98250000,2,10,车来了是一个公交实时查询平台，平台为用户提供公交车出发时间、到站距离、预计到站时间等信息，还能显示公交车整条线路的实时通行状况，同时还提供地铁线路的相关信息查询。  ,,,,,,,,,,,,,,,,,,,,,,,,汽车交通
阿里巴巴,353,口碑,杭州口口相传网络技术有限公司,0,A轮,A,2015/6/1,2015,60,6000000000,4,11,口碑网是一家基于互联网、手机等平台提供生活信息和服务的高科技企业，以地域化为基础，以房产、关系圈、工作、餐饮等频道为内容，结合线下运作，为老百姓提供衣食住行玩等方面的内容和服务。  ,,,,,,,,,,,,,,,,,,,,,,,,生活服务
阿里巴巴,354,Snap,Snap Inc.,美国,E轮,E,2015/5/30,2015,35.1735,3517350000,4,5,Snap Inc.是一家相机公司，旗舰产品Snapchat是一款“阅后即焚”照片分享应用。利用该应用程序，用户可以拍照、录制视频、添加文字和图画，并将他们发送到自己在该应用上的好友列表。  ,,,,,,,,,,,,,,,,,,,,,,,,社交社区
阿里巴巴,355,Lyft,Lyft,美国,E轮,E,2015/5/17,2015,9.825,982500000,3,10,Lyft是一家美国网约车服务平台，并提供打车中的拼车服务模式，用户打开手机APP，即可打车；车主注册成为该公司的司机后，即可打开手机APP端乘载用户，平台从司机赚取的费用中抽取佣金。同时公司还为汽车制造商开发自动驾驶系统。  ,,,,,,,,,,,,,,,,,,,,,,,,汽车交通
阿里巴巴,359,丽人丽妆,上海丽人丽妆化妆品股份有限公司,0,B轮,B,2015/4/3,2015,6.55,655000000,3,6,丽人丽妆是一家专注于品牌化妆品网络零售的新型电子商务公司，通过为知名品牌在淘宝商城开设品牌官方旗舰店，或向其他B2C商城提供商品，为消费者提供化妆品网购服务。  ,,,,,,,,,,,,,,,,,,,,,,,,电子商务
阿里巴巴,361,Quixey,Quixey,0,D轮,D,2015/3/6,2015,3.93,393000000,3,12,Quixey是一家移动搜素公司，提供搜索业务，同时，他们表示已经研发了新的技术，可以直接在搜索一些私人的信息，如Facebook中的附近好友列表、Spotify的播放清单等。  ,,,,,,,,,,,,,,,,,,,,,,,,工具软件
阿里巴巴,365,快悉Quixey,快悉软件（北京）有限公司,0,D轮,D,2015/2/11,2015,3.93,393000000,3,12,Quixey致力于提供全球最棒的移动搜索服务，通过深度挖掘应用及应用内容，最终精准呈现你最需要的信息  ,,,,,,,,,,,,,,,,,,,,,,,,工具软件
阿里巴巴,368,新片场,北京新片场传媒股份有限公司,0,B轮,B,2015/2/2,2015,0.5,50000000,2,1,北京新片场传媒股份有限公司目前主要从事新媒体影视作品的出品制作、传播发行及衍生业务。公司所从事的主营业务，属于电影和影视节目制作产业中的细分子行业“新媒体影视行业”。报告期内公司主要从事网络电影、网络系列栏目/剧、微电影和广告短片的出品制作、传播发行业务。  ,,,,,,,,,,,,,,,,,,,,,,,,文娱传媒
阿里巴巴,369,游友移动,上海吾游信息技术有限公司,0,B轮,B,2015/1/23,2015,0.5,50000000,2,15,游友移动成立于2012年，是上海吾游信息技术有限公司旗下的旅游通信服务品牌。游友移动总部在上海，向全国每年1亿出境旅客，提供便宜、可靠、方便的出国WIFI租赁服务。目前覆盖全球超过70个国家和地区。  ,,,,,,,,,,,,,,,,,,,,,,,,旅游/OTA
阿里巴巴,370,Visualead,Visualead,以色列,B轮,B,2015/1/20,2015,0.3275,32750000,2,12,Visualead公司能为产品包装、防伪、移动支付、移动优惠券、社交活动、移动票务、登录和身份验证提供基于扫描的连接解决方案。  ,,,,,,,,,,,,,,,,,,,,,,,,工具软件
阿里巴巴,372,快的打车,杭州快智科技有限公司,0,D轮,D,2015/1/15,2015,39.3,3930000000,4,10,快的打车是一款智能手机打车应用，软件为打车乘客和出租司机量身定做，乘客可以轻松发单，随时随地打车；司机可以降低空驶率，轻松多赚钱。  ,,,,,,,,,,,,,,,,,,,,,,,,汽车交通
阿里巴巴,374,体育疯,武汉体育疯信息科技有限公司,0,A轮,A,2015/1/9,2015,0.5,50000000,2,1,体育疯是一个专业体育资讯平台，提供集赛事直播、视频点播、新闻资讯、比分赔率和竞猜互动为一体的服务。  ,,,,,,,,,,,,,,,,,,,,,,,,文娱传媒
阿里巴巴,376,KTplay,北京盟游网络科技有限公司,0,A轮,A,2014/12/12,2014,0.05,5000000,1,5,KTplay是一个游戏社交引擎，能让你的游戏迅速变身为一款社交化游戏，让你实时在线地管理游戏、与用户互动，并且帮你增加营收。北京盟游网络科技有限公司旗下产品。  ,,,,,,,,,,,,,,,,,,,,,,,,社交社区
阿里巴巴,377,陌陌,北京陌陌科技有限公司,0,Pre-IPO,Pre-IPO,2014/11/29,2014,3.93,393000000,3,5,陌陌是一款基于地理位置的移动社交产品，北京陌陌科技有限公司旗下。  ,,,,,,,,,,,,,,,,,,,,,,,,社交社区
阿里巴巴,379,快狗速运,高高信息科技（上海）有限公司,0,B轮,B,2014/11/18,2014,0.655,65500000,2,19,快狗速运（此前叫GoGoVan）是一个货运物流平台，对接司机和用户两端，旨在解决用户家具搬运、宠物接送，商家用户货物运载、交收派货时的用车需求。高高信息科技（上海）有限公司旗下产品。  ,,,,,,,,,,,,,,,,,,,,,,,,物流运输
阿里巴巴,380,遛遛,遛友宠物信息科技（上海）有限公司,0,天使轮,Angel/Seed,2014/10/30,2014,0.05,5000000,1,5,遛遛是一个基于宠物的移动社交应用，基于地理位置帮助用户发现身边的爱宠达人和宠物、一起遛狗；解决宠物配种、领养、寄养等服务，上海遛遛信息科技有限公司旗下。  ,,,,,,,,,,,,,,,,,,,,,,,,社交社区
阿里巴巴,381,妈妈值得买,北京星宝时尚科技有限公司,0,A轮,A,2014/10/23,2014,0.1,10000000,2,5,北京星宝时尚是一家专注于母婴、妈妈服务的网站，旗下产品有妈妈晒晒网站、移动类母婴导购应用“尝鲜”等。  ,,,,,,,,,,,,,,,,,,,,,,,,社交社区
阿里巴巴,382,时光小屋APP,武汉时光部落网络有限公司,0,A轮,A,2014/10/17,2014,0.3275,32750000,2,12,时光小屋是一款以孩子为中心，专注家人间的即时通讯和家庭云存储工具。时光小屋为每个有孩子的家庭提供一个以文字、图片、视频形式记录孩子成长经历的空间，安全私密，全家共享。同时每个家人有自己独立的时间轴，各个家人的动态更新组成整个家庭的完整记录。  ,,,,,,,,,,,,,,,,,,,,,,,,工具软件
阿里巴巴,383,Peel,Peel,0,D轮,D,2014/10/10,2014,3.275,327500000,3,12,Peel 智能遥控器通过遥控技能和直播媒体电视内容结合到一款简单易用的应用程序，改变您的家庭娱乐体验。这就是您的电视所需要的一款遥控器。 通用遥控器 通过您智能手机上内置红外 IR 发射器，您可以可靠控制您的电视机、机顶盒、DVD 播放器、蓝牙光碟机、Roku、苹果电视、音响系统和像空调以及加热器这样的家用电器。   ,,,,,,,,,,,,,,,,,,,,,,,,工具软件
阿里巴巴,385,伍一技术,浙江伍一技术股份有限公司,0,A轮,A,2014/9/24,2014,0.5,50000000,2,6,中国浙江网上技术市场是一家在线技术成果、技术需求的B2B交易服务平台，浙江伍一技术股份有限公司开发运营。   ,,,,,,,,,,,,,,,,,,,,,,,,电子商务
阿里巴巴,386,魔漫相机,北京百舜华年文化传播有限公司,0,A轮,A,2014/9/17,2014,3.275,327500000,3,12,魔漫相机是全球第一款原创将真人拍成幽默漫画的手机应用。自2013年7月上线以来，魔漫相机创下了全球移动互联网领域的多项纪录，如单日新增用户325万、4日新增用户破千万、7个月用户数破亿，单日头像上传2亿张、160多个国家和地区AppStore总排名第一等。  ,,,,,,,,,,,,,,,,,,,,,,,,工具软件
阿里巴巴,387,车来了,武汉元光科技有限公司,0,A轮,A,2014/8/13,2014,0.3275,32750000,2,10,车来了是一个公交实时查询平台，平台为用户提供公交车出发时间、到站距离、预计到站时间等信息，还能显示公交车整条线路的实时通行状况，同时还提供地铁线路的相关信息查询。  ,,,,,,,,,,,,,,,,,,,,,,,,汽车交通
阿里巴巴,389,芭乐传媒,芭乐互动（北京）文化传媒有限公司,0,B轮,B,2014/8/1,2014,7.86,786000000,3,1,芭乐互动是一家原创影视内容制作发行服务商。公司主要提供影视IP孵化、影视项目投资、影视出品发行以及IP衍生品开发等影视服务。公司已经制作推出了《恶魔少爷别吻我》、《哎呦，表演系》等作品。  ,,,,,,,,,,,,,,,,,,,,,,,,文娱传媒
阿里巴巴,390,易大师,广州晓白网络科技有限公司,0,天使轮,Angel/Seed,2014/8/1,2014,0.05,5000000,1,12,易大师是一款专注于手机游戏评测的移动端APP软件，以“边游戏，边评测，最真实透明的手机评测”为我们的宗旨，立志为广大玩家提供最真实的手机评测工具。广州晓白网络科技有限公司旗下产品。  ,,,,,,,,,,,,,,,,,,,,,,,,工具软件
阿里巴巴,391,心怡科技,浙江心怡供应链管理有限公司,0,A轮,A,2014/6/9,2014,0.5,50000000,2,19,浙江心怡供应链管理有限公司始终坚持“让科技物流为商家创造价值”的企业使命，深耕互联网和人工智能技术，致力于构建一站式供应链生态系统。经过十多年的耕耘和努力，心怡科技已发展成为国家高新技术企业、国家5A级物流企业，率先进入供应链服务领域的大数据时代。  ,,,,,,,,,,,,,,,,,,,,,,,,物流运输
阿里巴巴,392,UC浏览器,广州市动景计算机科技有限公司,0,并购,Merger,2014/6/1,2014,31.3745,3137450000,4,12,UC优视是一家移动互联网公司，旗下有UC浏览器、九游、UC云等产品，隶属于广州市动景计算机科技有限公司。  ,,,,,,,,,,,,,,,,,,,,,,,,工具软件
阿里巴巴,393,超级课程表,广州超级周末科技有限公司,0,B轮,B,2014/6/1,2014,5,500000000,3,5,超级课程表是一个大学生课程表及社交应用，广州超级周末科技有限公司旗下。  ,,,,,,,,,,,,,,,,,,,,,,,,社交社区
阿里巴巴,394,二十一世纪传媒,广东二十一世纪传媒股份有限公司,0,A轮,A,2014/6/1,2014,12,1200000000,4,1,二十一世纪传媒/21世纪是一家财经媒体，由广东二十一世纪出版有限公司于2010年9月整体改制而来，控股股东为广东南方报业传媒集团有限公司。目前旗下拥有报纸(21世纪经济报道、理财周报)、杂志(21世纪商业评论、福布斯中国版)、网站(21世纪网)、商业项目为一体的全媒体。  ,,,,,,,,,,,,,,,,,,,,,,,,文娱传媒
阿里巴巴,395,恒大淘宝,广州恒大淘宝足球俱乐部股份有限公司,0,A轮,A,2014/6/1,2014,3.275,327500000,3,5,广州恒大淘宝足球俱乐部前身是成立于1954年的广州市足球队。1993年1月，广州市足球队通过和太阳神集团合作，成为中国第一家政府与企业合股的职业足球俱乐部。2010年3月1日，恒大集团买断球队全部股权，俱乐部更名为广州恒大足球俱乐部。  ,,,,,,,,,,,,,,,,,,,,,,,,社交社区
阿里巴巴,396,穷游网,北京穷游天下科技发展有限公司,0,C轮,C,2014/5/7,2014,3.275,327500000,3,15,穷游网鼓励和帮助中国旅行者以自己的视角和方式体验世界，为出国旅行者提供专业、实用、全面的出境游旅行指南和旅游攻略，是中国出境游旅行者们分享旅游目的地信息和游记攻略的平台。  ,,,,,,,,,,,,,,,,,,,,,,,,旅游/OTA
阿里巴巴,397,ASLAN阿斯兰,上海阿斯兰商旅服务有限公司,0,并购,Merger,2014/5/1,2014,16.3095,1630950000,4,10,ASLAN阿斯兰是一家全球机票B2B服务平台，主打国际机票在线查询和预订服务，隶属于上海阿斯兰商旅服务有限公司。  ,,,,,,,,,,,,,,,,,,,,,,,,汽车交通
阿里巴巴,401,商业评论,上海智篆文化传播有限公司,0,A轮,A,2014/4/25,2014,0.1,10000000,2,1,《商业评论》杂志创刊于2002年，是一本商业评论杂志，致力于提供中国商业环境下有效的管理思想、方法和案例，帮助中国企业解决管理问题。上海智篆文化传播有限公司旗下产品。  ,,,,,,,,,,,,,,,,,,,,,,,,文娱传媒
阿里巴巴,403,Lyft,Lyft,美国,D轮,D,2014/4/3,2014,16.375,1637500000,4,10,Lyft是一家美国网约车服务平台，并提供打车中的拼车服务模式，用户打开手机APP，即可打车；车主注册成为该公司的司机后，即可打开手机APP端乘载用户，平台从司机赚取的费用中抽取佣金。同时公司还为汽车制造商开发自动驾驶系统。  ,,,,,,,,,,,,,,,,,,,,,,,,汽车交通
阿里巴巴,404,快的打车,杭州快智科技有限公司,0,B轮,B,2014/4/1,2014,0.5,50000000,2,10,快的打车是一款智能手机打车应用，软件为打车乘客和出租司机量身定做，乘客可以轻松发单，随时随地打车；司机可以降低空驶率，轻松多赚钱。  ,,,,,,,,,,,,,,,,,,,,,,,,汽车交通
阿里巴巴,405,新片场,北京新片场传媒股份有限公司,0,A轮,A,2014/4/1,2014,3.275,327500000,3,1,北京新片场传媒股份有限公司目前主要从事新媒体影视作品的出品制作、传播发行及衍生业务。公司所从事的主营业务，属于电影和影视节目制作产业中的细分子行业“新媒体影视行业”。报告期内公司主要从事网络电影、网络系列栏目/剧、微电影和广告短片的出品制作、传播发行业务。  ,,,,,,,,,,,,,,,,,,,,,,,,文娱传媒
阿里巴巴,407,堆糖网,堆糖信息科技（上海）有限公司,0,A轮,A,2014/3/31,2014,0.5,50000000,2,1,堆糖网，隶属于堆糖信息科技（上海）有限公司，为用户收集发现喜爱的事物，以图片的方式来展示和浏览。  ,,,,,,,,,,,,,,,,,,,,,,,,文娱传媒
阿里巴巴,408,Tango,Tango,美国,D轮,D,2014/3/19,2014,18.34,1834000000,4,5,Tango成立于2009年，是一个手机上的移动社交应用，主打美国、西欧、中东和东南亚部分地区，全球注册用户超过2亿人，月活跃用户7000万。  ,,,,,,,,,,,,,,,,,,,,,,,,社交社区
阿里巴巴,409,一达通,深圳市一达通企业服务有限公司,0,并购,Merger,2014/3/13,2014,1,100000000,3,3,一达通是一家面向中小企业的进出口流程外包服务平台，主要通过互联网（IE+IT）一站式为中小企业和个人提供通关、物流、外汇，退税、金融等所有进出口环节服务。  ,,,,,,,,,,,,,,,,,,,,,,,,企业服务
阿里巴巴,410,易果生鲜,上海易果电子商务有限公司,0,B轮,B,2014/3/3,2014,0.5,50000000,2,17,易果生鲜网是一个主打生鲜水果的B2C电商，旗下有“易果”、“原膳”、“乐醇”、“锦色”等品牌，覆隶属于上海易果电子商务有限公司。  ,,,,,,,,,,,,,,,,,,,,,,,,食品/商贸零售
阿里巴巴,411,阿里影业,阿里巴巴影业集团有限公司,0,并购,Merger,2014/3/1,2014,53.7,5370000000,4,1,阿里巴巴影业集团是一家以创造快乐、成就梦想为使命的互联网影视公司，是以互联网为核心驱动，拥有粉丝运营、投融资、内容生产制作、宣传发行和院线服务平台的全产业链娱乐平台。  ,,,,,,,,,,,,,,,,,,,,,,,,文娱传媒
阿里巴巴,412,百程旅游,北京百程国际旅游股份有限公司,0,B轮,B,2014/3/1,2014,1.31,131000000,3,15,百程旅行网（此前叫佰程旅行网）是一个主打O2O的出境游服务商，提供签证代理、专属定制、自由行、主题团组、境外酒店、国际机票、国际单项、企业国际商旅服务等，隶属于北京佰程国际旅游有限公司。  ,,,,,,,,,,,,,,,,,,,,,,,,旅游/OTA
阿里巴巴,413,疯子助手,北京紫贝壳软件有限公司,0,天使轮,Angel/Seed,2014/3/1,2014,0.05,5000000,1,12,国内首款无需闪退修复的苹果助手。同时支持iPhone、iPad、iTouch等iOS设备的软件、游戏资源的下载安装。游戏、应用一键安装，永不闪退。隶属于北京紫贝壳软件有限公司。  ,,,,,,,,,,,,,,,,,,,,,,,,工具软件
阿里巴巴,415,iTutorGroup,北京创意麦奇教育信息咨询有限公司,0,B轮,B,2014/2/1,2014,68.44749999,6844749999,4,8,TutorGroup是一个真人在线语言学习平台，旗下有TutorABC、VipJr等英语学习平台。是全球领先的在线教育公司，通过其网络为成千上万的学生和商业专业人士提供个性化的学习体验。iTutorGroup通过利用大数据分析，利用学生、同学、教学顾问和数字内容之间的高级算法匹配来做到这一点。已成为全球最大的在线平台，推动着实时人与人之间的互动。  ,,,,,,,,,,,,,,,,,,,,,,,,教育培训
阿里巴巴,417,高德地图,高德软件有限公司,0,并购,Merger,2014/2/1,2014,0.3,30000000,2,10,高德是一家数字地图内容、导航和位置服务解决方案提供商，拥有导航电子地图甲级测绘资质、测绘航空摄影甲级资质和互联网地图服务甲级测绘资质“三甲”资质，2010年纳斯达克上市，2014年2月被阿里巴巴收购。  ,,,,,,,,,,,,,,,,,,,,,,,,汽车交通
阿里巴巴,418,1stdibs,1stdibs,美国,C轮,C,2014/1/24,2014,0.9825,98250000,2,22,stdibs 成立于2001年，是一家来自美国的高端奢侈品网站，主要销售珠宝、艺术品、奢侈品等。  ,,,,,,,,,,,,,,,,,,,,,,,,其他
阿里巴巴,420,海尔家居,青岛海骊住居科技股份有限公司,0,A轮,A,2013/12/8,2013,23.842,2384200000,4,20,青岛海尔家居集成股份有限公司是隶属于海尔集团的全资子公司，依托海尔集团的品牌优势，开创了中国家居集成装配式装修先河，专业服务于房地产开发商及大型公装客户，提供装配式装修一站式系统集成解决方案。  ,,,,,,,,,,,,,,,,,,,,,,,,房产家居
阿里巴巴,421,UC浏览器,广州市动景计算机科技有限公司,0,Pre-IPO,Pre-IPO,2013/12/1,2013,3.275,327500000,3,12,UC优视是一家移动互联网公司，旗下有UC浏览器、九游、UC云等产品，隶属于广州市动景计算机科技有限公司。  ,,,,,,,,,,,,,,,,,,,,,,,,工具软件
阿里巴巴,423,永杨安风,永杨安风（北京）科技股份有限公司,0,B轮,B,2013/12/1,2013,11.79,1179000000,4,12,LBE安全大师起源于魅族论坛的LBE小组，是Android平台上一款主动式防御软件，具备实时监控与拦截能力的安全软件。永杨安风（北京）科技有限公司旗下。  ,,,,,,,,,,,,,,,,,,,,,,,,工具软件
阿里巴巴,424,陌陌,北京陌陌科技有限公司,0,C轮,C,2013/10/12,2013,2.1615,216150000,3,5,陌陌是一款基于地理位置的移动社交产品，北京陌陌科技有限公司旗下。  ,,,,,,,,,,,,,,,,,,,,,,,,社交社区
阿里巴巴,426,Quixey,Quixey,0,C轮,C,2013/10/3,2013,3.275,327500000,3,12,Quixey是一家移动搜素公司，提供搜索业务，同时，他们表示已经研发了新的技术，可以直接在搜索一些私人的信息，如Facebook中的附近好友列表、Spotify的播放清单等。  ,,,,,,,,,,,,,,,,,,,,,,,,工具软件
阿里巴巴,429,易果生鲜,上海易果电子商务有限公司,0,A轮,A,2013/8/1,2013,3.275,327500000,3,17,易果生鲜网是一个主打生鲜水果的B2C电商，旗下有“易果”、“原膳”、“乐醇”、“锦色”等品牌，覆隶属于上海易果电子商务有限公司。  ,,,,,,,,,,,,,,,,,,,,,,,,食品/商贸零售
阿里巴巴,430,智臻智能,上海智臻智能网络科技股份有限公司,0,C轮,C,2013/7/31,2013,3.275,327500000,3,3,小i机器人是智能机器人客服品牌，智能交互服务机器人平台运营商。上海智臻网络科技有限公司旗下。  ,,,,,,,,,,,,,,,,,,,,,,,,企业服务
阿里巴巴,431,穷游网,北京穷游天下科技发展有限公司,0,B轮,B,2013/7/12,2013,3.275,327500000,3,15,穷游网鼓励和帮助中国旅行者以自己的视角和方式体验世界，为出国旅行者提供专业、实用、全面的出境游旅行指南和旅游攻略，是中国出境游旅行者们分享旅游目的地信息和游记攻略的平台。  ,,,,,,,,,,,,,,,,,,,,,,,,旅游/OTA
阿里巴巴,434,淘淘搜,杭州淘淘搜科技有限公司,0,B轮,B,2013/6/1,2013,3.275,327500000,3,6,淘淘搜是国内领先的购物搜索，通过先进的图像搜索和大数据能力，能够在海量商品中，帮助用户更快地找到心仪的商品。支持全网比价，时尚不败家！还有传图找商品的特色服务，也可以逛一逛淘淘搜为自己个性化推荐的精选商品、优惠活动、购物经验！  ,,,,,,,,,,,,,,,,,,,,,,,,电子商务
阿里巴巴,435,晟邦物流,南京晟邦物流有限公司,0,A轮,A,2013/5/24,2013,1,100000000,3,19,晟邦物流是江苏地区民营唯一一家全境自营网络覆盖无盲区的专业配送公司。隶属于南京晟邦物流有限公司。  ,,,,,,,,,,,,,,,,,,,,,,,,物流运输
阿里巴巴,436,UC浏览器,广州市动景计算机科技有限公司,0,E轮,E,2013/5/1,2013,19.257,1925700000,4,12,UC优视是一家移动互联网公司，旗下有UC浏览器、九游、UC云等产品，隶属于广州市动景计算机科技有限公司。  ,,,,,,,,,,,,,,,,,,,,,,,,工具软件
阿里巴巴,440,Peel,Peel,0,C轮,C,2013/4/5,2013,1.31,131000000,3,12,Peel 智能遥控器通过遥控技能和直播媒体电视内容结合到一款简单易用的应用程序，改变您的家庭娱乐体验。这就是您的电视所需要的一款遥控器。 通用遥控器 通过您智能手机上内置红外 IR 发射器，您可以可靠控制您的电视机、机顶盒、DVD 播放器、蓝牙光碟机、Roku、苹果电视、音响系统和像空调以及加热器这样的家用电器。   ,,,,,,,,,,,,,,,,,,,,,,,,工具软件
阿里巴巴,441,快的打车,杭州快智科技有限公司,0,A轮,A,2013/4/1,2013,0.655,65500000,2,10,快的打车是一款智能手机打车应用，软件为打车乘客和出租司机量身定做，乘客可以轻松发单，随时随地打车；司机可以降低空驶率，轻松多赚钱。  ,,,,,,,,,,,,,,,,,,,,,,,,汽车交通
阿里巴巴,442,淘在路上,上海雀沃信息技术有限公司,0,A+轮,A,2013/4/1,2013,5.24,524000000,3,15,在路上是一个旅行分享社区和旅行产品预订平台，除了有目的地的个性化游记攻略，平台方还为此筛选很多旅行产品，让用户在确认即可到达目的地后用手机app直接预定。  ,,,,,,,,,,,,,,,,,,,,,,,,旅游/OTA
阿里巴巴,443,友盟+,友盟同欣（北京）科技有限公司,0,并购,Merger,2013/4/1,2013,0.3275,32750000,2,3,【友盟+】，全球领先的第三方全域大数据服务提供商，2016年初由友盟、CNZZ、缔元信.网络数据三家国内顶尖的大数据公司合并而成。【友盟+】集三家公司优势于一身，通过全面覆盖PC、手机、传感器、无线路由器等多种设备数据，打造全域数据平台。秉承独立第三方的数据服务理念，坚持诚信、公正、客观的数据信仰，为客户提供全业务链数据应用解决方案，包括基础统计、运营分析、数据决策和数据业务等，帮助企业实现数据化运营和管理。  ,,,,,,,,,,,,,,,,,,,,,,,,企业服务
阿里巴巴,445,声盟,蓝沛科技（北京）有限公司,0,并购,Merger,2013/2/1,2013,0.05,5000000,1,1,声盟是一家主打声音为媒介的新媒体广告技术及服务提供商，为开发者提供声音广告和联盟服务，隶属于蓝沛科技（北京）有限公司。  ,,,,,,,,,,,,,,,,,,,,,,,,文娱传媒
阿里巴巴,446,快悉Quixey,快悉软件（北京）有限公司,0,C轮,C,2013/1/1,2013,3.275,327500000,3,12,Quixey致力于提供全球最棒的移动搜索服务，通过深度挖掘应用及应用内容，最终精准呈现你最需要的信息  ,,,,,,,,,,,,,,,,,,,,,,,,工具软件
阿里巴巴,448,启博云,杭州启博科技有限公司,0,A轮,A,2013/1/1,2013,0.5,50000000,2,6,杭州启博(简称启博云)成立于2008年，是中国移动分销解决方案提供商及企业私域生态服务商，为暾澜资本战略投资企业，启博秉承以“服务商家运营”为核心、以帮助客户拓展更多“销售渠道和提高运营效率”为主线、 以SaaS云平台为主要服务模式的运营理念，专注于电商软件的研发与创新。  ,,,,,,,,,,,,,,,,,,,,,,,,电子商务
阿里巴巴,449,神马搜索,广州神马移动信息科技有限公司,0,天使轮,Angel/Seed,2013/1/1,2013,0.5,50000000,2,6,神马搜索是一款专注移动互联网的搜索引擎，致力于为用户创造方便、快捷、开放的移动搜索新体验。支持应用搜索、购物搜索、小说搜索等服务，目前团队分布在杭州和北京。  ,,,,,,,,,,,,,,,,,,,,,,,,电子商务
阿里巴巴,451,丁丁网,上海极索信息技术有限公司,0,D轮,D,2012/11/1,2012,3.275,327500000,3,11,丁丁网/丁丁优惠是一家结合位置技术和搜索技术为城市人群提供精准生活信息服务的高科技互联网企业。  ,,,,,,,,,,,,,,,,,,,,,,,,生活服务
阿里巴巴,453,陌陌,北京陌陌科技有限公司,0,B轮,B,2012/8/1,2012,1.87985,187985000,3,5,陌陌是一款基于地理位置的移动社交产品，北京陌陌科技有限公司旗下。  ,,,,,,,,,,,,,,,,,,,,,,,,社交社区
阿里巴巴,454,万象物流,上海万象文化配送有限公司,0,A轮,A,2012/6/15,2012,0.5,50000000,2,19,万象物流是一家第三方物流配送、仓储、代配服务商，公司目前主要拥有三大业务板块，即快递及仓储业务、媒体代理发行业务和DM数据营销业务，上海万象文化配送有限公司旗下快递品牌。   ,,,,,,,,,,,,,,,,,,,,,,,,物流运输
阿里巴巴,455,又一城,厦门又一城网络科技有限公司,0,A轮,A,2012/4/24,2012,0.5,50000000,2,3,厦门又一城是一家专业的全渠道零售终端服务商。其精于网络分销实战，拥有丰富的电商IT系统服务经验，致力为品牌企业提供全渠道零售一体化服务。同时推进O2O和移动端项目进程，助力企业建立三端合一的PMS零售模式。  ,,,,,,,,,,,,,,,,,,,,,,,,企业服务
阿里巴巴,456,商派云起,上海商派网络科技有限公司,0,C轮,C,2012/1/1,2012,0.5,50000000,2,6,商派（Shopex）是中国领先的电子商务服务和技术供应商。商派致力于为企业提供立体化的服务和技术，从前端到后端，从直销到分销，从PC到移动，从线上到线下，帮助各种类型（大中小微）的企业纵向打通资源、横向整合业务。隶属于上海商派网络科技有限公司。  ,,,,,,,,,,,,,,,,,,,,,,,,电子商务
阿里巴巴,457,淘淘搜,杭州淘淘搜科技有限公司,0,A轮,A,2011/11/1,2011,0.3275,32750000,2,6,淘淘搜是国内领先的购物搜索，通过先进的图像搜索和大数据能力，能够在海量商品中，帮助用户更快地找到心仪的商品。支持全网比价，时尚不败家！还有传图找商品的特色服务，也可以逛一逛淘淘搜为自己个性化推荐的精选商品、优惠活动、购物经验！  ,,,,,,,,,,,,,,,,,,,,,,,,电子商务
阿里巴巴,458,购物助手,北京彬祺软件技术有限责任公司,0,并购,Merger,2011/9/1,2011,0.5,50000000,2,6,彬祺软件专门从事购物搜索、比价、同款和推荐等方面的产品设计和开发，主要产品为购物助手系列（浏览器插件、Android应用等），是国内最知名的购物类浏览器应用。购物助手于2011年被淘宝收购，更名为“如意淘”。  ,,,,,,,,,,,,,,,,,,,,,,,,电子商务
阿里巴巴,459,美团,北京三快科技有限公司,0,B轮,B,2011/7/1,2011,3.275,327500000,3,11,美团网是一个团购网站，提供超低折扣的生活消费服务，隶属于北京三快科技有限公司。2015年美团与点评合并，合并后改为新美大。  ,,,,,,,,,,,,,,,,,,,,,,,,生活服务
阿里巴巴,460,名鞋库,名鞋库网络科技有限公司,0,A轮,A,2011/6/30,2011,0.9825,98250000,2,6,"名鞋库是中国领先的鞋类电商，福建省最大的在线零售商，,一是通过电商平台自营销售，二是为品牌公司提供代运营服务。  ",,,,,,,,,,,,,,,,,,,,,,,,电子商务
阿里巴巴,461,CNZZ,浙江阿里巴巴云计算有限公司,0,并购,Merger,2011/5/4,2011,0.9825,98250000,2,3,CNZZ数据是一家中文网站统计分析服务商，CNZZ目前旗下有七大产品，分别为：站长统计、全景统计、手机客户端、云推荐、广告管家、广告效果分析和数据中心。  ,,,,,,,,,,,,,,,,,,,,,,,,企业服务
阿里巴巴,462,宝尊电商,上海宝尊电子商务有限公司,0,B轮,B,2011/3/1,2011,3.275,327500000,3,6,宝尊电商是一家第三方电子商务服务商，致力于帮助品牌和零售商提供电商代运营服务，目前提供从前端到后端的全套电商服务，包括网站搭建、更新及托管，IT设施搭建，客户服务，仓储物流服务以及数字营销等。  ,,,,,,,,,,,,,,,,,,,,,,,,电子商务
阿里巴巴,463,淘巧科技,杭州淘巧信息技术有限公司,0,A轮,A,2011/2/5,2011,0.1,10000000,2,6,杭州淘巧信息技术有限公司是一家电子商务软件技术开发商。  ,,,,,,,,,,,,,,,,,,,,,,,,电子商务
阿里巴巴,464,正和岛,北京正和岛信息科技有限公司,0,A轮,A,2011/1/31,2011,0.5,50000000,2,5,正和岛是安全可信赖的企业家互助与成长平台，是国内第一家专注企业家人群的实名制、会员制、收费制、邀请制的高端网络社交平台。  ,,,,,,,,,,,,,,,,,,,,,,,,社交社区
阿里巴巴,467,百世物流,杭州百世网络技术有限公司,0,C轮,C,2010/11/25,2010,3.275,327500000,3,19,百世物流成立于2007年，致力于通过全面的综合服务和增强技术、服务质量的经验，最大限度的发挥企业和消费者在生态系统中的长期价值。是中国领先和增长最快的智能供应链服务提供商。隶属于杭州百世网络技术有限公司。  ,,,,,,,,,,,,,,,,,,,,,,,,物流运输
阿里巴巴,468,一达通,深圳市一达通企业服务有限公司,0,并购,Merger,2010/11/1,2010,1,100000000,3,3,一达通是一家面向中小企业的进出口流程外包服务平台，主要通过互联网（IE+IT）一站式为中小企业和个人提供通关、物流、外汇，退税、金融等所有进出口环节服务。  ,,,,,,,,,,,,,,,,,,,,,,,,企业服务
阿里巴巴,473,淘淘搜,杭州淘淘搜科技有限公司,0,天使轮,Angel/Seed,2010/4/1,2010,0.03,3000000,1,6,淘淘搜是国内领先的购物搜索，通过先进的图像搜索和大数据能力，能够在海量商品中，帮助用户更快地找到心仪的商品。支持全网比价，时尚不败家！还有传图找商品的特色服务，也可以逛一逛淘淘搜为自己个性化推荐的精选商品、优惠活动、购物经验！  ,,,,,,,,,,,,,,,,,,,,,,,,电子商务
阿里巴巴,475,星晨急便,北京星晨急便速递有限公司,0,A轮,A,2010/3/1,2010,0.7,70000000,2,19,星晨急便是一家专业定位于电子商务B2C、B2B服务的全国性快递公司，为广大企业及电子商务客户提供国内小件包裹速递服务2011年10月，北京星晨急便速递有限公司和深圳鑫飞鸿快递有限公司于正式合并，商号为“星晨急便·鑫飞鸿”。   ,,,,,,,,,,,,,,,,,,,,,,,,物流运输
阿里巴巴,476,宝尊电商,上海宝尊电子商务有限公司,0,A轮,A,2010/1/1,2010,0.3275,32750000,2,6,宝尊电商是一家第三方电子商务服务商，致力于帮助品牌和零售商提供电商代运营服务，目前提供从前端到后端的全套电商服务，包括网站搭建、更新及托管，IT设施搭建，客户服务，仓储物流服务以及数字营销等。  ,,,,,,,,,,,,,,,,,,,,,,,,电子商务
阿里巴巴,477,阿里通信,阿里巴巴云计算（北京）有限公司,0,并购,Merger,2009/9/28,2009,4.34999999,434999999,3,14,阿里通信隶属阿里巴巴集团，致力于将传统通信业务和能力与互联网相结合，为消费者和企业提供创新型通信服务，是互联网通信服务提供商。 目前阿里通信拥有多样性的互联网通信服务能力和平台，包括：天猫营业厅、阿里大于通信能力平台、流量钱包、阿里通信IoT连接解决方案、170业务等。  ,,,,,,,,,,,,,,,,,,,,,,,,电信/通信
阿里巴巴,478,UC浏览器,广州市动景计算机科技有限公司,0,B轮,B,2009/6/1,2009,3.275,327500000,3,12,UC优视是一家移动互联网公司，旗下有UC浏览器、九游、UC云等产品，隶属于广州市动景计算机科技有限公司。  ,,,,,,,,,,,,,,,,,,,,,,,,工具软件
阿里巴巴,479,商派云起,上海商派网络科技有限公司,0,A+轮,A,2009/5/1,2009,0.131,13100000,2,6,商派（Shopex）是中国领先的电子商务服务和技术供应商。商派致力于为企业提供立体化的服务和技术，从前端到后端，从直销到分销，从PC到移动，从线上到线下，帮助各种类型（大中小微）的企业纵向打通资源、横向整合业务。隶属于上海商派网络科技有限公司。  ,,,,,,,,,,,,,,,,,,,,,,,,电子商务
阿里巴巴,480,猫爪电竞,江苏猎宝网络科技股份有限公司,0,天使轮,Angel/Seed,2009/3/1,2009,0.5,50000000,2,2,猫爪电竞是国内首创专业的电竞服务平台，以房间的组队形式，让电竞玩家可以通过平台，有机会找到更合适、更专业队友。同时，猫爪电竞还汇集了国内顶尖高手加入，通过强带新，新变强，强再带新的良性循环，提高国内玩家的电子竞技水平。  ,,,,,,,,,,,,,,,,,,,,,,,,游戏
阿里巴巴,481,百世物流,杭州百世网络技术有限公司,0,A轮,A,2008/6/18,2008,0.9825,98250000,2,19,百世物流成立于2007年，致力于通过全面的综合服务和增强技术、服务质量的经验，最大限度的发挥企业和消费者在生态系统中的长期价值。是中国领先和增长最快的智能供应链服务提供商。隶属于杭州百世网络技术有限公司。  ,,,,,,,,,,,,,,,,,,,,,,,,物流运输
阿里巴巴,482,百世物流,杭州百世网络技术有限公司,0,天使轮,Angel/Seed,2008/5/1,2008,0.15,15000000,2,19,百世物流成立于2007年，致力于通过全面的综合服务和增强技术、服务质量的经验，最大限度的发挥企业和消费者在生态系统中的长期价值。是中国领先和增长最快的智能供应链服务提供商。隶属于杭州百世网络技术有限公司。  ,,,,,,,,,,,,,,,,,,,,,,,,物流运输
