投资方,产品名称,所属公司,地区,投资时间,year,month,投资金额,行业,产品介绍
腾讯,Outspark,Outspark,United States of America,2008/1/26,2008,1,72050000 ,2 ,Outspark是美国游戏发行商，发行多人实时在线游戏的同时还为游戏开发者发布在线游戏提供开放平台。??
腾讯,Sanook,Sanook,Thailand,2010/8/26,2010,8,81700000 ,1 ,Sanook是泰国门户网站，也是Naspers Limited（腾讯控股主要股东MIH China的控股公司）的全资附属子公司，主要报道娱乐新闻。??
腾讯,ZAM,ZAM,United States of America,2012/2/1,2012,2,,2 ,ZAM是一个游戏社区，涵盖了《魔兽世界》、《EQ》、《最终幻想》等欧美主流游戏，每款游戏分设子网站，其中最著名的为wowhead《魔兽世界》主题数据库站点。??
腾讯,Kakao,Kakao,South Korea,2012/4/16,2012,4,403000000 ,5 ,Kakao（http://www.kakao.com/）成立于2010年，是一家来自韩国的移动社交和聊天应用，目前在全球拥有1.4亿注册用户，已经累计获得9210万美元的投资。??
腾讯,Ark,Ark,United States of America,2012/4/26,2012,4,27510000 ,5 ,Ark是基于全网社交数据的人肉搜索引擎，因为Facebook关闭了它对其关系数据的接入权，现基于邮箱账号与多种社交网络的绑定关系推出一款聚合多个社交网络入口和信息的邮件客户端Ark Mail。??
腾讯,Couple,TenthBit Inc.,英国,2012/5/1,2012,5,27510000 ,5 ,Couple是情侣私密交流应用，由Pair于2013年2月3日正式宣布收购2011年成立的英国私密社交应用Cupple更名为Couple后成立.??
腾讯,QuizUp,Quiz,冰岛,2013/4/20,2013,4,13100000 ,2 ,Plain Vanilla是冰岛一家休闲手游开发商，已转型做在线问答游戏社交网络，想用游戏方式帮助员工进行企业培训。??
腾讯,Plain Vanilla,Plain Vanilla,新加坡,2013/4/20,2013,4,13100000 ,2 ,Plain Vanilla是一家游戏开发商，主要针对于手机游戏。??
腾讯,Snap,Snap Inc.,United States of America,2013/6/22,2013,6,524000000 ,9 ,Snap Inc.是一家相机公司，旗舰产品Snapchat是一款“阅后即焚”照片分享应用。利用该应用程序，用户可以拍照、录制视频、添加文字和图画，并将他们发送到自己在该应用上的好友列表。??
腾讯,Watsi,Watsi,United States of America,2013/7/25,2013,7,7860000 ,22 ,Watsi是一个以众筹的形式为贫穷国家病人寻求捐助的网站，是一个非盈利性的众筹平台。??
腾讯,QuizUp,Quiz,冰岛,2013/11/20,2013,11,144100000 ,2 ,Plain Vanilla是冰岛一家休闲手游开发商，已转型做在线问答游戏社交网络，想用游戏方式帮助员工进行企业培训。??
腾讯,Plain Vanilla,Plain Vanilla,新加坡,2013/11/20,2013,11,144100000 ,2 ,Plain Vanilla是一家游戏开发商，主要针对于手机游戏。??
腾讯,Whisper,Whisper,United States of America,2014/3/11,2014,3,196500000 ,5 ,Whisper成立于2012年，是一个主打匿名、私密分享的移动社交应用，在美国学生群体中非常流行。??
腾讯,CJ Games,CJ E&M集团,South Korea,2014/3/26,2014,3,3275000000 ,2 ,CJ Games成立于2011年10月，是CJ E&M集团旗下从事手机游戏业务的子公司，旗下工作室开发了多款手机游戏，包括Seed9工作室的Taming Monster、N2Play工作室的Modoo Marble、Turnon Games工作室的《全民砰砰砰》、Bluepepper工作室的Everybody’s Dungeon King等。??
腾讯,Weebly,Weebly,United States of America,2014/4/23,2014,4,229250000 ,6 ,Weebly成立于2006年，是一家来自美国的免费建站服务平台，目前托管着2000万家网站、每月独立用户访问量达到1.75亿，很多网站都支付月费向Weebly购买了电子商务等额外功能。??
腾讯,TapZen,TapZen,United States of America,2014/6/25,2014,6,52400000 ,2 ,TapZen 成立于2012年8月，是一家手游工作室，开发有《Army On Army》、《Base On Base》等战争类游戏。??
腾讯,Scaled Inference,Scaled Inference,United States of America,2014/7/30,2014,7,,13 ,Scaled Inference 成立于2014年6月，是一家致力于人工智能技术研发的初创公司，公司的两位创始人均是Google的前同事，曾共同参与了Google内部的Google Brain项目。??
腾讯,Vurb,Vurb,United States of America,2014/8/7,2014,8,52400000 ,16 ,Vurb成立于2012年，是一家移动搜索领域的技术公司，改变过去以浏览器和网页形式为主的传统信息查询方式，为更加智能化结构性的形式。??
腾讯,PATIGames,PATIGames,South Korea,2014/9/2,2014,9,131000000 ,2 ,PATIGames是韩国游戏《ILoveCoffee》和《ILovePasta》的研发商，目前已通过韩国科斯达克（KOSDAQ）的预备审核资格。??
腾讯,Moon Express,Moon,United States of America,2014/9/8,2014,9,108075000 ,18 ,Moon Express是一家专注太空飞行硬件建设的公司。??
腾讯,FlightCar,Flig,United States of America,2014/9/10,2014,9,88425000 ,10 ,FlightCar 成立于2012年2月，是一家P2P机场租车服务平台。??
腾讯,AltspaceVR,AltspaceVR,United States of America,2014/9/12,2014,9,34060000 ,21 ,AltspaceVR成立于2013年，是一家虚拟现实技术公司，可以将二维的网页变身为全息体验，并同样可以播放流媒体、打游戏等。??
腾讯,Tile追踪器,Tile,United States of America,2014/10/2,2014,10,85150000 ,14 ,Tile是一款方形的防水小瓷片，内置了蓝牙和GPS技术，将它挂在钱包、钥匙链、背包或自行车等这些东西上面后，可以利用配套的手机App追踪这些物品的位置。??
腾讯,4:33 Creative Lab,4:33 Creative Lab,South Korea,2014/11/14,2014,11,720500000 ,2 ,4:33 Creative Lab 是韩国一家顶级的移动游戏研发商，出品有《Blade》《Arrow》等较为出名的游戏。??
腾讯,heirloom,heirloom,United States of America,2014/11/17,2014,11,6550000 ,5 ,heirloom 是一款主打熟人间照片分享的应用。??
腾讯,Tute Genomics,Tute Genomics,United States of America,2014/12/5,2014,12,15065000 ,7 ,Tute Genomics是一个提供基于云的基因组分析解决方案，主要用来帮助研究人员解析从人类外显子组直至基因组的序列数据。公司成立于2013年7月，总部在美国。??
腾讯,Kamcord,Kamcord,United States of America,2014/12/12,2014,12,98250000 ,9 ,Kamcord是一家美国游戏直播及社交应用提供商，开发了手机游戏直播应用，提供实况直播或游戏直播服务，并且开发了LBS社区应用“Flare”，支持用户发布一定地理范围内的帖子，并在24小时后销毁。??
腾讯,Aiming,Aimi,日本,2014/12/15,2014,12,,2 ,Aiming 成立于2011年5月，是日本一家手游开发公司，已经出版的产品包括：《侍道(Blade Chronicle)》和PRG卡牌游戏《圣骑之王(Lord of Knights)》等。 ??
腾讯,SketchMe,Sket,爱尔兰,2015/2/1,2015,2,9825000 ,5 ,SketchMe是一个社交软件，帮助好朋友间抓住和记录彼此相处的痕迹。SketchMe只允许你po你朋友的照片（而不是你自己的）。用户通过po好友的照片来分享与好朋友的各种有趣的生活瞬间。??
腾讯,Hammer & Chisel,Hamm,United States of America,2015/2/10,2015,2,32750000 ,2 ,Hammer & Chisel是一家在线视频游戏公司，产品有iPad手游《永恒命运》等。
腾讯,Discord,Disc,United States of America,2015/2/10,2015,2,,12 ,Discord是一家手游语音交流应用开发商，主要面向MOBA手游玩家，专注于为其提供游戏中语音互动交流的工具，致力于为手机游戏用户提供游戏语音交流体验。??
腾讯,M4JAM,M4JA,南非共和国,2015/2/22,2015,2,32750000 ,12 ,M4JAM成立于2014年，是一家提供微工作交易的网络对接平台，可以将一个大项目分成一个个小任务，使众多地域不同的人们能够通过他们的手机迅速而独立地完成各项任务，并得到报酬。??
腾讯,Miniclip SA,Miniclip SA,瑞士,2015/2/25,2015,2,,2 ,Miniclip SA 成立于2001年，是瑞士一家移动游戏开发与发行公司，目前Miniclip已经发布45款移动游戏，其中最受欢迎的为《8BallPool》。??
腾讯,Robot Entertainment,Robot Entertainment,United States of America,2015/2/28,2015,2,32750000 ,2 ,Robot Entertainment 成立于2009年，是一家移动游戏开发商，代表作为《兽人必须死》。 ??
腾讯,Satellogic,Satellogic USA Inc,阿根廷,2015/3/15,2015,3,32750000 ,16 ,Satellogic致力于建立全球性的传感器的网络，让人们能进行全球监测并量化数据，从而做出更明智的决策。
腾讯,Blockstream,Blockstream,加拿大,2015/3/17,2015,3,327500000 ,4 ,Blockstream是一家比特币技术公司，该公司的技术还可以从一定程度上克服比特币的设计缺陷。通过开发比特币区块链中的旁链（sidechain）技术，构建低成本的在线交易平台——下一代不基于信用的在线支付交易平台。??
腾讯,CYNGN,CYNGN,United States of America,2015/3/24,2015,3,458500000 ,10 ,Cyanogen已经正式更名为Cyngn，运营内容调整为面向汽车启动驾驶方向的软硬件开发。Cyngn的平台利用最新的计算机视觉，传感器融合和机器学习，使车辆能够共享，学习和适应当今复杂的环境。??
腾讯,VC Mobile,VC Mobile Entertainment Inc.,United States of America,2015/4/1,2015,4,29540500 ,2 ,VC Mobile Entertainment开发移动，PC，控制台和网络游戏。它成立于2014年，总部位于加利福尼亚州洛杉矶。??
腾讯,Skymind,Skymind,United States of America,2015/4/4,2015,4,1310000 ,16 ,Skymind是一家开源的企业级深度学习技术提供商，公司致力于为金融、健康、通讯和IoT领域提供媒体、图片和声音的深度学习应用。
腾讯,Fireforge Games,Fireforge Games,United States of America,2015/4/14,2015,4,50000000 ,2 ,Fireforge Games是一家手机游戏开发商，专注于创建和分销一个完整的历史战争系统，Deus Vult，以及一整套高品质塑料多部件和树脂28mm微型产品的公司。由前暴雪员工创办，产品有《捉鬼敢死队》等。??
腾讯,CloudMedx,CloudMedx,United States of America,2015/5/1,2015,5,41265000 ,7 ,CloudMedx是一家医疗健康数据收集和分析服务提供商，从众多医院实时收集不同病患的数据，经处理分析后向医疗机构提供符合 HIPAA（健康保险流通与责任法案）的健康预测和分析。CloudMedx 将原始病患数据经过分析后可以反映一些病症的发展趋势、发生模式、偏差以及预测可能性结果，从而为临床治疗和早期检测诊断提供非常有借鉴意义的参考。??
腾讯,Pocket Gems,PocketGems Inc.,United States of America,2015/5/13,2015,5,393000000 ,2 ,Pocket Gems创建于2009年，总部位于旧金山，是一个移动游戏开发商，主打虚拟游戏研发。??
腾讯,Lyft,Lyft,United States of America,2015/5/17,2015,5,982500000 ,10 ,Lyft是一家美国网约车服务平台，并提供打车中的拼车服务模式，用户打开手机APP，即可打车；车主注册成为该公司的司机后，即可打开手机APP端乘载用户，平台从司机赚取的费用中抽取佣金。同时公司还为汽车制造商开发自动驾驶系统。??
腾讯,Tissue Analytics,Tissue Analytics,United States of America,2015/5/18,2015,5,4912500 ,7 ,Tissue Analytics是一家远程慢性伤口护理服务提供商，用户通过智能手机的摄像头拍摄伤口的照片，系统就会自动测量伤口的各种数据，比如伤口的表面积、长度、宽度，量化伤口愈合的情况。??
腾讯,Tute Genomics,Tute Genomics,United States of America,2015/6/16,2015,6,25545000 ,7 ,Tute Genomics是一个提供基于云的基因组分析解决方案，主要用来帮助研究人员解析从人类外显子组直至基因组的序列数据。公司成立于2013年7月，总部在美国。??
腾讯,HomeHero,HomeHero,United States of America,2015/7/1,2015,7,131000000 ,11 ,HomeHero是一个老年人护理O2O平台，帮助家庭寻找、获取上门护理服务。??
腾讯,AltspaceVR,AltspaceVR,United States of America,2015/7/30,2015,7,67465000 ,21 ,AltspaceVR成立于2013年，是一家虚拟现实技术公司，可以将二维的网页变身为全息体验，并同样可以播放流媒体、打游戏等。??
腾讯,Practo,Practo,印度,2015/8/6,2015,8,589500000 ,7 ,Practo是印度一家医疗门户网站，其建立了一个同时服务病人、医院医生的商业模型。病人可以通过Practo搜索到合适的医生和医院，同时Practo也为医生提供管理软件。??
腾讯,SenseWhere,Sens,英国,2015/8/13,2015,8,32750000 ,14 ,sensewhere是一个室内定位企业，通过 Wi-Fi 或者蓝牙信号，可以提供 GPS 卫星定位所无法精确定位的位置数据，此外利用众包模式，能够实现低成本高效的定位。??
腾讯,Kik,暂无,加拿大,2015/8/19,2015,8,327500000 ,5 ,Kik是一款即时通信应用，可基于本地通讯录直接建立与联系人的连接，并在此基础上实现免费短信聊天、来电大头贴、个人状态同步等功能，致力于为用户提供更多更有趣的通讯及增值服务。??
腾讯,Vurb,Vurb,United States of America,2015/8/28,2015,8,65500000 ,16 ,Vurb成立于2012年，是一家移动搜索领域的技术公司，改变过去以浏览器和网页形式为主的传统信息查询方式，为更加智能化结构性的形式。
腾讯,Nav Technologies,Nav Technologies,United States of America,2015/9/1,2015,9,49125000 ,3 ,Nav Technologies是美国一家中小企业信用创企，侧重于培养小微企业主的信用意识，并提供信用改进建议帮助小微企业建立信用，最终实现小微企业的能力建设。小微企业主可以通过平台在线管理和全天候实时监控企业信用状况，并获取Nav提供的信用改善建议，以及其合作伙伴提供的小微企业综合服务和Nav匹配企业状况推荐的融资解决方案。??
腾讯,Nav美国,Nav,United States of America,2015/9/1,2015,9,55675000 ,3 ,Nav帮助小企业主获得需要增长的资金，并有效管理他们的业务。使企业主的工具能够控制他们的信用资料 - 提供个人和商业信用数据和见解。为了使企业主能够更好地透明度增加他们的信用寿命，该网站包括易于阅读的个人和商业信用报告，背景咨询和监控。??
腾讯,CliniCloud,CliniCloud,澳大利亚,2015/9/25,2015,9,32750000 ,7 ,CliniCloud是一个物联网家居医疗设备研发商，其主打产品为智能听诊器，该设备通过听诊器和非接触式的红外测量仪获得数据，与手机相连，测量结果会在CliniCloud APP上显示，然后发送给医生。??
腾讯,Artillery,Artillery,United States of America,2015/10/22,2015,10,32750000 ,2 ,Artillery是一家美国游戏开发商，正在开发一款代号为Atlas的即时战略类网游。??
腾讯,Watsi,Watsi,United States of America,2015/11/4,2015,11,22925000 ,22 ,Watsi是一个以众筹的形式为贫穷国家病人寻求捐助的网站，是一个非盈利性的众筹平台。??
腾讯,Circle Medical,Circle Medical,United States of America,2015/11/23,2015,11,18995000 ,7 ,Circle Medical是一家上门医疗服务公司，可以为病人提供非紧急医疗护理，它可以对接到专业的医生上门进行比如体检、流感疫苗、血检和一些标准的医疗服务。??
腾讯,Waddle,Wadd,澳大利亚,2016/1/8,2016,1,,3 ,Waddle利用技术分析数据，为中小企业和个人提供自动循环信贷业务，缩短小企业现金审批和固定还款的时间。??
腾讯,Women.com,Women.com,United States of America,2016/1/8,2016,1,11462500 ,5 ,Women.com是一个女性表达和交流的社区。??
腾讯,Discord,Disc,United States of America,2016/1/28,2016,1,131000000 ,12 ,Discord是一家手游语音交流应用开发商，主要面向MOBA手游玩家，专注于为其提供游戏中语音互动交流的工具，致力于为手机游戏用户提供游戏语音交流体验。??
腾讯,Ibibo Group,Ibib,印度,2016/2/26,2016,2,1637500000 ,15 ,Ibibo Group是印度最大的在线旅游公司，公司推出了一个叫做GoStays的全新平台，旨在帮助那些受出行预算约束的旅客找到价格低廉的酒店住处。??
腾讯,HB Entertainment,HBE,South Korea,2016/3/24,2016,3,236000000 ,1 ,"HB Entertainment是一家韩国的娱乐经纪公司，业务涵盖电影制作、电视剧制作、原声音乐出版,代理及经纪事业等，作品有《来自星星的你》、《龙八夷》、《49天》等。??"
腾讯,Kamcord,Kamcord,United States of America,2016/4/26,2016,4,65500000 ,9 ,Kamcord是一家美国游戏直播及社交应用提供商，开发了手机游戏直播应用，提供实况直播或游戏直播服务，并且开发了LBS社区应用“Flare”，支持用户发布一定地理范围内的帖子，并在24小时后销毁。??
腾讯,Planetary Resources,Plan,United States of America,2016/5/26,2016,5,135781500 ,22 ,行星资源开发公司是一家致力于在太外太空小行星开矿的创业公司，“行星资源”公司的方针有两个——开采小行星上的自然资源同时进行太空摸索，所开采的原料将对外发卖。??
腾讯,YG娱乐,YG Entertainment,South Korea,2016/5/27,2016,5,556750000 ,1 ,YG娱乐成立于1996年，与SM娱乐、JYP娱乐并称为韩国三大娱乐公司，是韩国专注于R&B和Hip hop音乐最具代表性的娱乐公司。成立至今，公司培养出BIGBANG、2NE1、WINNER、iKON、具惠善、刘仁娜等众多知名歌手及演员，同时也陆续加入了一些已经出道几年的歌手如PSY、Tablo、Epik High以及从Kpop Star 中优胜的选手，如李夏怡、乐童音乐家、李胜勋等。??
腾讯,Paradox Interactive,Paradox Interactive,瑞典,2016/5/30,2016,5,,2 ,Paradox Interactive是一家瑞典电子游戏开发及发行公司，简称P社，公司设于斯德哥尔摩，因历史策略类游戏而著名。其代表作品包括欧陆风云系列、王权：幻想王国、钢铁雄心系列，维多利亚系列，王国风云（十字军之王）系列等。除此之外，公司代理的骑马与砍杀也很有名。??
腾讯,Meta Company,Meta Company,United States of America,2016/6/14,2016,6,327500000 ,21 ,Meta公司是一家AR头显开发商，以研发为核心的高科技公司，专注于可穿戴增强现实智能设备以及生态系统的公司。提供从AR智能眼镜、SDK开发工具、以及完整的AR应用软硬件配套支撑平台。??
腾讯,WME|IMG,WME|IMG,United States of America,2016/6/14,2016,6,294750000 ,1 ,WME|IMG是一家娱乐体育经纪公司。在中国开展的体育与娱乐事业包括赛事活动、媒体、演艺经纪、特许经营等业务。WME|IMG还为包括温网、中超联赛在内的品牌及体育赛事提供市场、媒体及特许经营业务。??
腾讯,Happy Money,"Happy Money, Inc.",South Korea,2016/6/15,2016,6,306540000 ,5 ,Happy Money向客户提供贷款以偿还其信用卡债务。其最初的商业模式包括社交媒体，游戏化，行为科学和在线费用跟踪门户，以帮助消费者管理和偿还他们的信用卡债务。它开始逐渐摆脱社交媒体和个人理财的游戏化计划，更多地关注积极推动消费者偿还债务。??
腾讯,Supercell,Supercell,日本,2016/6/21,2016,6,56330000000 ,2 ,Supercell Oy公司是2010年由Ilkka Paananen（埃卡·潘纳宁）和其他五位共同创始人共同建立的游戏工作室，总部位于芬兰。??
腾讯,Hike,Hike Ltd.,印度,2016/8/16,2016,8,1146250000 ,12 ,Hike创立于2012 年，总部位于新德里，致力于为用户提供移动通讯app，用户可以使用该工具进行语音及短信交流，另外还可创建群聊，收发邮件，在线与离线模式下均可登录该平台。??
腾讯,Nav美国,Nav,United States of America,2016/9/1,2016,9,163750000 ,3 ,Nav帮助小企业主获得需要增长的资金，并有效管理他们的业务。使企业主的工具能够控制他们的信用资料 - 提供个人和商业信用数据和见解。为了使企业主能够更好地透明度增加他们的信用寿命，该网站包括易于阅读的个人和商业信用报告，背景咨询和监控。??
腾讯,Sea Limited,Sea Limited,新加坡,2016/9/5,2016,9,,6 ,Sea Ltd(NYSE:SE)创立于2009年5月，前称Garena Interactive Holding Limited，于2017年4月8日更名为Sea Limited，总部位于新加坡Galaxis，全职雇员5400人（6/30/2017），是大东南亚地区（Greater Southeast Asia，GSEA）领先的互联网公司，根据营收，Sea Ltd是该区域内排名第一（市占率）的网络游戏公司，根据GMV和总订单量，公司也是该区域内排名第一的电子商务公司，另外，公司在该地区数字支付市场处于领先的地位。??
腾讯,Skymind,Skymind,United States of America,2016/9/29,2016,9,19650000 ,16 ,Skymind是一家开源的企业级深度学习技术提供商，公司致力于为金融、健康、通讯和IoT领域提供媒体、图片和声音的深度学习应用。??
腾讯,Petuum,Petuum Inc.,United States of America,2016/11/17,2016,11,98250000 ,13 ,Petuum 是一家建立人工智能和机器学习解决方案开发平台的初创企业。其目标是成为一个革命性的开发平台，减少人工智能或机器学习（AI/ML）部署过程中的瓶颈、消除阻碍。??
腾讯,Barefoot,"Barefoot Networks, Inc.",United States of America,2016/11/23,2016,11,150650000 ,22 ,Barefoot是一个团队是谁创造了一个蓝图，设计和经营世界上最快，最可编程网络有远见，经验丰富的技术人员和工程师。??
腾讯,Clear Labs,Clear Labs,United States of America,2016/12/14,2016,12,85150000 ,7 ,Clear Labs 创立于 2014 年，总部位于加利福尼亚州，致力于提供食品分析服务，检测食品中可能存在的病原体，并推进分子食品质量成为全球分子食品行业的标准。对于食品加工商来说，在食品对外出售之前掌握感染批次并找到源头通常是一件比较困难的事情。Clear Labs 采用类似临床试验技术，只不过将应用对象转换成食品，来查找到这些不合格食品批次。公司与世界范围内大品牌商合作，测试食品成分的准确性、来源、转基因生物、细菌污染、过敏原、营养数据以及标签外使用的添加剂等数据信息。??
腾讯,Sanook,Sanook,Thailand,2016/12/21,2016,12,,1 ,Sanook是泰国门户网站，也是Naspers Limited（腾讯控股主要股东MIH China的控股公司）的全资附属子公司，主要报道娱乐新闻。??
腾讯,Paystack,Pays,尼日利亚,2016/12/21,2016,12,8515000 ,4 ,Paystack是一家在线支付服务提供商，为企业提供在线收款解决方案，将在线付款时间缩短到30分钟内，支持企业在网站或移动应用上接受通过信用卡、借记卡、汇款和流动资金付款。??
腾讯,Ookbee,Ookbee,Thailand,2017/1/4,2017,1,124450000 ,1 ,Ookbee是一家来自泰国的数字内容平台，也是东盟地区最大的电子书城Ookbee是东南亚数字杂志平台，在泰国数字杂志市场上占有90％的市场份额，在菲律宾，马来西亚和越南也处于领先地位。??
腾讯,Practo,Practo,印度,2017/1/17,2017,1,360250000 ,7 ,Practo是印度一家医疗门户网站，其建立了一个同时服务病人、医院医生的商业模型。病人可以通过Practo搜索到合适的医生和医院，同时Practo也为医生提供管理软件。??
腾讯,Innovega,Innovega,United States of America,2017/2/21,2017,2,19650000 ,21 ,Innovega公司追求开发出一款具有良好光学、同时又轻便舒适和时尚炫酷、并且有着长续航时间的AR设备。该公司于2008年由威利、验光师Jerome Legerton博士和Randall Sprague（现已离开）创立，总部位于华盛顿州贝尔维尤。??
腾讯,Tesla特斯拉,Tesla Inc,United States of America,2017/3/29,2017,3,11645900000 ,10 ,特斯拉汽车公司（Tesla Motors）成立于2003年，总部设在美国加州的硅谷地带。特斯拉致力于用最具创新力的技术，加速可持续交通的发展。特斯拉在技术上为实现可持续能源供应提供了高效方式，减少全球交通对石油类的依赖；通过开放专利以及与其它汽车厂商合作，大力推动了纯电动汽车在全球的发展。??
腾讯,Flipkart,Flipkart,印度,2017/4/10,2017,4,9170000000 ,6 ,Flipkart是印度综合电商平台，主要销售书籍、音乐和电影周边产品、3c产品等，同时也有自主品牌“DigiFlip”主要生产笔记本电脑和3c产品。用户可通过线上平台和手机APP进行自主购物。??
腾讯,Go-Jek,Go-J,印度尼西亚,2017/5/4,2017,5,7860000000 ,10 ,Go-Jek是印尼一家网约车平台，用户可以通过APP呼叫摩托车司机为自己进行服务，如载客、运送货物、送外卖等，并为司机与乘客提供一定的折扣。此外，平台还涉及私家车共享、移动支付等业务。??
腾讯,Nav美国,Nav,United States of America,2017/5/4,2017,5,85150000 ,3 ,Nav帮助小企业主获得需要增长的资金，并有效管理他们的业务。使企业主的工具能够控制他们的信用资料 - 提供个人和商业信用数据和见解。为了使企业主能够更好地透明度增加他们的信用寿命，该网站包括易于阅读的个人和商业信用报告，背景咨询和监控。??
腾讯,Smule,Smule,United States of America,2017/5/9,2017,5,353700000 ,5 ,Smule是一家手机社交音乐产品开发商。用户可以在平台上和其他人一起听音乐、一起唱歌、一起创作歌曲以及进行其他社交互动。公司已经开发了Sing!Karaoke、Guita等音乐应用。??
腾讯,Pocket Gems,PocketGems Inc.,United States of America,2017/5/12,2017,5,589500000 ,2 ,Pocket Gems创建于2009年，总部位于旧金山，是一个移动游戏开发商，主打虚拟游戏研发。??
腾讯,Stratifyd,"Stratifyd, Inc.",United States of America,2017/5/13,2017,5,44540000 ,3 ,"Stratifyd,Inc，成立于2014年，是数据科学和大数据分析行业的先驱者。在互联网+ 信息高速发展时代，Stratifyd AI大数据分析平台可帮助企业收集整理内外部数据，通过人机交互智能系统自助分析，迅速捕获市场动态，了解竞争对手情况和行业走势，掌握用户画像，改进产品不足，调整营销策略，以及提升销售业绩。Stratifyd,Inc.在2016年达到了300%的增长速度，预测在2017将达到至少500%的增长。目前Stratifyd,Inc.已完成了A轮融资，由腾讯领投。??"
腾讯,Element AI,Element AI Inc.,United States of America,2017/6/15,2017,6,668100000 ,13 ,Element AI是一家人工智能创业孵化器，旨在通过硅谷式的产业服务帮助创业者将人工智能领域的各种技术从实验室转化为商业应用。??
腾讯,Satellogic,Satellogic USA Inc,阿根廷,2017/6/24,2017,6,176850000 ,16 ,Satellogic致力于建立全球性的传感器的网络，让人们能进行全球监测并量化数据，从而做出更明智的决策。??
腾讯,Octopus,Octopus software,United States of America,2017/6/27,2017,6,34387500 ,4 ,Octopus 2013年成立于美国，是一家利用互联网思维构建安防系统的公司。其产品可以使企业在云端通过各种设备实时监控和管理建筑和资产安全，该产品的愿景是整合到智能城市中，从而使城市中机场、银行、企业、工厂、酒店等提供更加安全和高效的环境。??
腾讯,Go-Jek,Go-J,印度尼西亚,2017/7/5,2017,7,,10 ,Go-Jek是印尼一家网约车平台，用户可以通过APP呼叫摩托车司机为自己进行服务，如载客、运送货物、送外卖等，并为司机与乘客提供一定的折扣。此外，平台还涉及私家车共享、移动支付等业务。??
腾讯,ObEN,"ObEN, Inc.",United States of America,2017/7/18,2017,7,32750000 ,22 ,ObEN利用强大的三维图像重建技术，根据用户所拍摄的 2D 照片制作出一个 3D 虚拟头像，让用户的虚拟现实环境中可以看到自己和其他人，感觉更加真实，更加沉浸。??
腾讯,Locus Biosciences,Locus Biosciences,United States of America,2017/7/18,2017,7,32750000 ,7 ,Locus Biosciences是美国一家新兴的生物技术公司，专注于发现和开发用于精准抗菌药物的下一代CRISPR-Cas平台，通过利用许多细菌中存在的被称为CRISPR-Cas系统的免疫系统而起作用，CRISPR-Cas平台是一种可编程系统，可以有效地、特定地破坏DNA而且无法修复。??
腾讯,Frontier Developments,Frontier Developments,英国,2017/7/28,2017,7,151960000 ,2 ,Frontier Developments通过有趣的游戏设计和无与伦比的艺术质量，还有尖端技术的发展，展现了最好的硬件和UI。在主要的游戏平台上使用数字分销渠道，出版更多游戏。成功地度过了这三十年来不断变化的面向大众市场的游戏平台的技术格局，并见证了前沿技术的崛起，成为了全球游戏行业领先的独立开发者之一。??
腾讯,Milky Tea,Milky Tea,英国,2017/8/3,2017,8,,2 ,Milky Tea是一家数字游戏及动画开发商，2012年Milky Tea推出处子作，一款叫做《轮滑拉力赛》（Roller Rally ）的移动游戏，自此开始面向各大主机平台制作游戏。??
腾讯,Essential,"Essential Products, Inc.",United States of America,2017/8/10,2017,8,1965000000 ,18 ,Essential是一个智能手机及家庭硬件设备研发商，以智能手机为重点，同时涉及平板电脑、配件和面向手机的计算机操作系统等，已推出无边框手机产品Essential Phone及音响设备音箱Essential Home。??
腾讯,Karius,"Karius, Inc.",United States of America,2017/8/14,2017,8,327500000 ,7 ,Karius是一家传染病诊断服务提供商。其通过专有诊断试剂盒，分析无菌细胞的DNA，快速检测1250多种病原体，使医生能够快速诊断感染，提供更有针对性的治疗。??
腾讯,Byju's,Think & Learn Pvt Ltd,印度,2017/8/29,2017,8,262000000 ,8 ,Byju's是一家K12在线教育平台，为6-12年级的学生提供备考指导，覆盖的考试科目包括JEE、 IAS、 GRE 和 GMAT等，涉及的教育学科主要有物理、化学、生物和数学。推出的同名学习APP可以满足K12学生的学习需求，并还能根据学生的熟练程度和能力为学生制定个性化的学习方案。??
腾讯,Lilium Aviation,Lilium GmbH,德国,2017/9/5,2017,9,589500000 ,10 ,Lilium Aviation是一家飞行汽车研发商，专注于研发飞行汽车Lilium jet，该产品没有车轮，采用轻质复合材料制成，由36个可定向的管道电风扇驱动，风扇分别安装在机翼和前舱上以推进飞机，自带两个座位，能垂直起飞和降落。??
腾讯,Phytech,Phytech,以色列,2017/10/1,2017,10,72050000 ,12 ,Phytech可以看成是一款使决策工具，帮助浇灌效率达到最大化。它在植物的周边都安装上了传感器，手机App上可以显示出植物的应力水平，以便让你知道什么时候该浇多少水才能有最优产出。Phytech会将获得的数据，同卫星图像、天气情况、土壤湿度以及植物周边因素相结合，就像是为植物搭建了一个互联网平台。??
腾讯,Ola Cabs,ANI Technologies Pvt.Ltd.,印度,2017/10/3,2017,10,13100000000 ,10 ,Ola Cabs是一个印度网约车服务提供商，通过应用移动互联网技术，开发新型网络叫车服务系统，致力于为用户提供基本叫车服务，同时还推出了汽车租赁、食品速递等本地生活服务。??
腾讯,Wonder Workshop,Wonder Workshop,United States of America,2017/10/30,2017,10,268550000 ,8 ,Wonder Workshop成立于2012年，是一家儿童机器人公司，其机器人可以让孩子们通过程序用可视化编程的方式驱动 ，公司还设计相应的课程。??
腾讯,DIFFBOT,diffbot,United States of America,2017/12/19,2017,12,65500000 ,13 ,Diffbot是一家人工智能公司，通过人工智能技术，让“机器”识别网页内容，抓取关键内容，并输出软件可以直接识别的结构化数据。Diffbot能够帮助很多开发者获取产品开发所需的关键数据，省去了他们过去所需要经历的复杂中间环节。Diffbot将大多数Web页面划分为数个大类——新闻消息，头版，图片，事件和概要等等。Diffbot 首先识别这些部分，然后转化为可用的数据库格式。在Diffbot的主页上，你可以在其输入框中输入任意网页地址，测试其识别网页内容的实际效果。??
腾讯,Wattpad,WPT,加拿大,2018/1/17,2018,1,327500000 ,1 ,Wattpad公司旗下产品还包括与《Hooked》类似的对话式小说应用 《Tap》，以及用户可以用视频讲述个人故事的应用 《Raccoon》。《Wattpad》在添加了订阅服务功能后，用户开通“Wattpad Premium”会员可移除应用中的广告，并可免广告浏览桌面和移动网页。??
腾讯,Uber,Uber Technologies Inc．,United States of America,2018/1/19,2018,1,58950000000 ,10 ,Uber是美国一家网约车平台，为用户提供基本叫车服务，用户可选择汽车档次，也可拼车。私家车主可以注册入驻平台，推出名为Uber Freight卡车配货应用，可帮助货车司机在几秒时间内确认费率和载货量。??
腾讯,Skydance Media,Skydance Media,United States of America,2018/1/26,2018,1,,1 ,Skydance Media是一家来自好莱坞的娱乐工作室，旗下的电影作品包括《碟中谍5：神秘国度》，《终结者5》，《僵尸世界大战》和《星际迷航2：暗黑无界》等等。Skydance旗下的影片至今已经创造了5亿美元以上的票房营收。在2017年，Skydance通过设立Skydance Interactive开始进军游戏领域，并把目光聚焦于虚拟现实。Skydance目前涉足的娱乐领域包括电影，电视，动画和游戏。这家公司正在制作最新的《碟中谍》电影（由汤姆·克鲁斯主演，并由克里斯托夫·迈考利执导）；《Gemini Man》（李安执导》；新版《终结者》（制片热是詹姆斯·卡梅隆，导演则是提姆·米勒）；以及由Alessandro Carlon执导的动画电影《Luck》和由Vicky Jenson执导的动画电影《Split》。??
腾讯,Swiggy,Bundl Technologies Private Limited,印度,2018/2/8,2018,2,1310000000 ,11 ,Swiggy是印度一家外卖点餐速递平台，旗下拥有一个超过150人的快递团队，当用户点单之后，这些快递人员会前往各个饭店，把美食打包快速送到用户手上。??
腾讯,Kakao Games,Kakao Games Corp.,South Korea,2018/2/13,2018,2,86839900 ,2 ,Kakao Games是一家韩国游戏开发商，专注于开发基于手机、PC平台及VR平台的视频游戏，并且搭建了游戏运营平台，为国际游戏提供直接发布及渠道运营服务，旗下有“kaokaogame”游戏平台。??
腾讯,Boost Biomes,Boost Biomes,United States of America,2018/2/27,2018,2,13755000 ,7 ,Boost Biomes是一家美国微生物产品生产商，旨在通过使用高通量测序，选择性富集和高级信息学来鉴定具有重要商业作用的微生物产品，这种方法比传统方法更快，更便宜，并且可以唯一地标识比单微生物产品更有效的多微生物产品。??
腾讯,Go-Jek,Go-J,印度尼西亚,2018/2/27,2018,2,9825000000 ,10 ,Go-Jek是印尼一家网约车平台，用户可以通过APP呼叫摩托车司机为自己进行服务，如载客、运送货物、送外卖等，并为司机与乘客提供一定的折扣。此外，平台还涉及私家车共享、移动支付等业务。??
腾讯,Gaana,Gamma Gaana Ltd,印度,2018/2/28,2018,2,753249999 ,1 ,Gaana是一家印度音乐流媒体服务商，旗下主要产品为音乐流媒体平台“Gaana Music”，用户在平台可浏览众多音乐列表并保存喜爱的歌曲，平台可为用户提供包括印地语、英语、泰米尔语、泰卢固语在内的多种语言。??
腾讯,Atomwise,"Atomwise, Inc.",United States of America,2018/3/8,2018,3,294750000 ,7 ,Atomwise是一家美国人工智能医药研发商，利用超级计算机、AI和复杂的算法模拟制药过程，来预测新药品的效果，同时降低研发成本，其开创性技术AtomNet可以像人工智能学习识别图像一样，通过识别模式判断分子间的相互作用。??
腾讯,N26,N26 Bank GmbH,德国,2018/3/20,2018,3,1048000000 ,4 ,N26为客户提供移动银行服务。其移动银行服务提供在线银行业务，包括制作和处理经常账户，固定账户和其他银行服务，让客户轻松地通过智能手机应用程序管理和控制他们的银行详细信息。??
腾讯,Ubisoft,Ubisoft,法国,2018/3/21,2018,3,,2 ,Ubisoft是开发、发行与经销互动式娱乐游戏与服务的领导厂商，旗下拥有丰富多元的全球知名品牌。遍及全球各地的开发工作室与办事处团队致力于在所有热门游戏平台包含家用游乐器主机、行动装置以及PC上，带来最纯粹、最深刻的游戏体验。??
腾讯,Citrine Informatics,Citrine Informatics,United States of America,2018/4/19,2018,4,52400000 ,18 ,Citrine Informatics是一家AI动力材料研发商，旨在加速世界材料产品公司的开发和设计过程。从来源获取数据，创建材料和化学品信息单一数据库，并使用AI指导下一代材料的开发和应用。??
腾讯,Dream 11,Dream11 Fantasy Private Limited,印度,2018/4/20,2018,4,655000000 ,2 ,Dream 11是印度的一家运动游戏开发运营服务提供商。主要经营游戏研发以及游戏运营业务，将体育与游戏相结合，推出了关于板球、足球、篮球等体育运动的游戏，为体育爱好者带来娱乐运动体验。??
腾讯,Marble,Marble,United States of America,2018/4/25,2018,4,65500000 ,19 ,Marble是用于最后一英里物流的自动机器人。公司总部位于旧金山，去年4月与Yelp合作推出了一款自动送餐机器人，随后又宣布与DoorDash合作。在与旧金山当地餐馆合作进行的测试中，餐馆工作人员将顾客点的食物放在机器人的货舱中，然后送到顾客家中，顾客可用提取码打开货舱门锁，取出食物。??
腾讯,Soundhound,SoundHound Inc.,United States of America,2018/5/3,2018,5,655000000 ,1 ,"soundhound 是目前顶级的智能手机音乐识别软件，soundhound 能快速,准确的识别被测音乐和网络中存储的目标音乐的差异，以迅速的找到并将音乐的名称及各项信息显示在识别界面上，用户还可以试听音乐的准确度。??"
腾讯,Grinding Gear Games,Grinding Gear Games,新西兰,2018/5/22,2018,5,,2 ,Grinding Gear Games是新西兰一家游戏开发公司，旗下有代表作品为流亡之路（Path of Exile）??
腾讯,WPP中国,WPP中国,英国,2018/7/22,2018,7,16375000000 ,1 ,WPP集团 (LSE：WPP) (NASDAQ：WPPGY)，是世界上最大的传播集团，总部位于英国伦敦。WPP集团拥有 60 多个子公司，主要服务于本地、跨国及环球客户，提供广告、媒体投资管理、信息顾问、公共事务及公共关系、建立品牌及企业形象、医疗及制药专业传播服务。??
腾讯,Bluehole,Blueholes Studio,South Korea,2018/8/9,2018,8,3000000000 ,2 ,Bluehole是一家专注于幻想游戏的PC和移动设备游戏开发商。??
腾讯,Paystack,Pays,尼日利亚,2018/8/30,2018,8,52400000 ,4 ,Paystack是一家在线支付服务提供商，为企业提供在线收款解决方案，将在线付款时间缩短到30分钟内，支持企业在网站或移动应用上接受通过信用卡、借记卡、汇款和流动资金付款。??
腾讯,Nubank,Nubank,巴西,2018/10/8,2018,10,1179000000 ,4 ,Nubank在巴西提供信用卡金融服务。主要产品为万事达信用卡及配套手机app，为用户提供包括消费警示、卡片冻结锁定等服务。Nubank的总部设在巴西圣保罗。??
腾讯,Go-Jek,Go-J,印度尼西亚,2018/10/30,2018,10,7860000000 ,10 ,Go-Jek是印尼一家网约车平台，用户可以通过APP呼叫摩托车司机为自己进行服务，如载客、运送货物、送外卖等，并为司机与乘客提供一定的折扣。此外，平台还涉及私家车共享、移动支付等业务。??
腾讯,Voyager Innovations,"Voyager Innovations, Inc.",菲律宾,2018/11/17,2018,11,1146250000 ,4 ,Voyager Innovations是一家菲律宾的技术公司，参与开发和提供数字服务。是菲律宾最大的电信和数字服务提供商PLDT公司的金融技术部门。??
腾讯,Swiggy,Bundl Technologies Private Limited,印度,2018/12/21,2018,12,6550000000 ,11 ,Swiggy是印度一家外卖点餐速递平台，旗下拥有一个超过150人的快递团队，当用户点单之后，这些快递人员会前往各个饭店，把美食打包快速送到用户手上。??
腾讯,Discord,Disc,United States of America,2018/12/24,2018,12,982500000 ,12 ,Discord是一家手游语音交流应用开发商，主要面向MOBA手游玩家，专注于为其提供游戏中语音互动交流的工具，致力于为手机游戏用户提供游戏语音交流体验。??
腾讯,Fatshark,Fatshark,瑞典,2019/1/10,2019,1,368765000 ,2 ,Fatshark是一家独立的瑞典游戏开发工作室，旗下有《战锤》系列（Warhammer）游戏。??
腾讯,Go-Jek,Go-J,印度尼西亚,2019/2/1,2019,2,6025999999 ,10 ,Go-Jek是印尼一家网约车平台，用户可以通过APP呼叫摩托车司机为自己进行服务，如载客、运送货物、送外卖等，并为司机与乘客提供一定的折扣。此外，平台还涉及私家车共享、移动支付等业务。??
腾讯,Reddit,Redd,United States of America,2019/2/8,2019,2,1965000000 ,5 ,Reddit 是一个娱乐、社交及新闻网站，注册用户可以将文字或链接在网站上发布，使它基本上成为了一个电子布告栏系统。注册用户可以对这些帖子进行投票，结果将被用来进行排名和决定它在首页或子页的位置。??
腾讯,Contacts+,Contacts+,United States of America,2019/2/26,2019,2,6550000 ,5 ,Contacts+是一家通讯录增强软件创业公司，致力于打造更社交化手机通讯录。??
腾讯,Sea Limited,Sea Limited,新加坡,2019/3/6,2019,3,9170000000 ,6 ,Sea Ltd(NYSE:SE)创立于2009年5月，前称Garena Interactive Holding Limited，于2017年4月8日更名为Sea Limited，总部位于新加坡Galaxis，全职雇员5400人（6/30/2017），是大东南亚地区（Greater Southeast Asia，GSEA）领先的互联网公司，根据营收，Sea Ltd是该区域内排名第一（市占率）的网络游戏公司，根据GMV和总订单量，公司也是该区域内排名第一的电子商务公司，另外，公司在该地区数字支付市场处于领先的地位。??
腾讯,NXC Inc,NXC Inc,United States of America,2019/3/11,2019,3,,2 ,NXC是游戏开发和分销公司NEXON（在东京证券交易所第一部上市）的控股公司，正在开展各种社会贡献和文化项目，包括投资有价值的数字创意和技术。
腾讯,Byju's,Think & Learn Pvt Ltd,印度,2019/3/12,2019,3,74670000 ,8 ,Byju's是一家K12在线教育平台，为6-12年级的学生提供备考指导，覆盖的考试科目包括JEE、 IAS、 GRE 和 GMAT等，涉及的教育学科主要有物理、化学、生物和数学。推出的同名学习APP可以满足K12学生的学习需求，并还能根据学生的熟练程度和能力为学生制定个性化的学习方案。??
腾讯,Ualá,BancarTecnologíaSA,阿根廷,2019/4/24,2019,4,,4 ,Ualá是阿根廷一家移动支付服务商，主要提供移动支付卡与APP产品，用户可通过其支付卡进行预付费，并进行账户管理、线上与线下支付、转账汇款等操作。??
腾讯,Prowler.io,Prowler.io,英国,2019/5/20,2019,5,157200000 ,13 ,Prowler.io是一家专注于机器学习的人工智能初创公司，通过创建自主系统平台，帮助机器“学习思考”，以便更好地作出判断和决策。??
腾讯,Sharkmob,Sharkmob,瑞典,2019/5/22,2019,5,,2 ,Sharkmob是一家视频游戏研发商，旗下拥有《全境封锁》瑞典工作室，且新开发的项目以网游为重点，业务覆盖欧盟等地区。??
腾讯,TrueLayer,TrueLayer,英国,2019/6/4,2019,6,262000000 ,4 ,TrueLayer主要为企业提供便捷银行应用程序接口和PSD2法案，目前支持诸如像会计鉴证，KYC流程、访问帐户聚集的交易数据、资信评分，以及风险评估。??
腾讯,NiYO Solutions,NiYO Solutions,印度,2019/7/10,2019,7,229250000 ,4 ,NiYO Solutions是一家印度数字银行服务商，NiYO主要提供两种产品，薪酬解决方案NiYO Bharat主要面向蓝领工人提供储蓄、支付、投资和保险产品；NiYO Global Card主要提供外汇解决方案，服务国际旅游市场用户。??
腾讯,N26,N26 Bank GmbH,德国,2019/7/18,2019,7,1113500000 ,4 ,N26为客户提供移动银行服务。其移动银行服务提供在线银行业务，包括制作和处理经常账户，固定账户和其他银行服务，让客户轻松地通过智能手机应用程序管理和控制他们的银行详细信息。??
腾讯,Antstream Arcade,Antstream Arcade,英国,2019/7/23,2019,7,,2 ,Antstream Arcade是一家复古游戏开发商，该平台提供2000多款复古电子游戏的按月订阅服务。AntStream Arcade可以在Mac、PC、Xbox One、平板电脑和移动设备、Nvidia Shield和亚马逊Fire Stick上使用，其他平台也即将推出??
腾讯,Nubank,Nubank,巴西,2019/7/29,2019,7,2620000000 ,4 ,Nubank在巴西提供信用卡金融服务。主要产品为万事达信用卡及配套手机app，为用户提供包括消费警示、卡片冻结锁定等服务。Nubank的总部设在巴西圣保罗。??
腾讯,PolicyBazaar,Policybazaar Insurance Web Aggregator Private Limited,印度,2019/9/24,2019,9,851500000 ,4 ,PolicyBazaar是一个保险产品比较分析平台，为用户提供保险产品的价格、质量和关键效益的比较分析服务，产品种类包含人寿保险、健康保险、汽车保险及其他保险。??
腾讯,Everledger,Everledger,英国,2019/9/24,2019,9,131000000 ,22 ,Everledger公司利用区块链技术，负责跟踪全球数字分类帐中高价值资产的来源，并且为供应链上的利益相关者提供了资产的真实性，存在性和所有权的永恒历史历史记录。 Everledger的业务从追踪钻石开始，目前已有200多万颗在区块链上通过密码认证的钻石。不仅如此，他们的技术解决方案已扩展至彩色宝石，珠宝，美酒和艺术等行业。据悉，他们将会在孟买开设办事处，并计划进军中国市场。??
腾讯,Funcom,Funcom Oslo AS,挪威,2019/10/1,2019,10,254533000 ,2 ,FunCom是一家挪威在线网络游戏开发运营商，创建于1993年，侧重于开发动作冒险和大型多人在线网络游戏。代表作包括改编自《野蛮人柯南》（Conan The Barbarian）的系列游戏。??
腾讯,SenSat,SenSat Limited,英国,2019/10/2,2019,10,65500000 ,22 ,SenSat是英国一家视觉和空间数据解决方案提供商，专注于基础设施建设领域，通过将视觉和空间数据，转化为“实时模拟现实”，为用户提供精准测绘、规划设计、项目进度管理、后期运营维护等服务。??
腾讯,Udaan,Hiveloop Technology Private Limited,印度,2019/10/3,2019,10,3831750000 ,4 ,Udaan是一家印度B2B在线交易平台，专注于连接中小型企业、生产商、批发商、贸易商和零售商，无论是买家还是卖家，Udaan都会展示用户的身份、商品和贸易结构，以保证用户的交易安全。Udaan产品覆盖手机配件、时尚产品两个类目。??
腾讯,Khatabook,ADJ Utility Apps Private Limited,印度,2019/10/3,2019,10,163750000 ,3 ,Khatabook是印度一家会计服务提供商，专注于帮助用户在手机上管理分类帐目，旗下开发了一款基于智能手机的会计应用程序，可以帮助企业家提供付款提醒，帮助用户进行会计统计。??
腾讯,myGate Premium,myGate Premium,印度,2019/10/17,2019,10,366800000 ,5 ,myGate Premium是一家门控移动安全管理解决方案提供商，公司可以帮助封闭社区的用户使用移动应用追踪访客和社区相关事宜。用户可以下载myGate的安卓及苹果iOS版应用，即可查看访客信息，所有门禁入口和出口信息都将会以数字形式记录下来。??
腾讯,MX Player,MX Player,印度,2019/10/30,2019,10,725740000 ,9 ,MX Player是印度一家视频播放器研发商，该播放器支持安卓客户端，并且拥有解码性能、兼容性、字幕支持等多种功能，且音频播放支持AC-3、WMA、MP3等多种格式，致力于为用户提供优质的播放体验。 ??
腾讯,Bunch app,Bunch app,United States of America,2019/11/1,2019,11,25217500 ,5 ,Bunch app是一款手机视频聊天工具，Bunch希望通过让您在玩游戏时与朋友同步和视频聊天，将笑声带回手机游戏。它已经与像Fortnite和Roblox命中的作品。??
腾讯,PolicyBazaar,Policybazaar Insurance Web Aggregator Private Limited,印度,2019/11/9,2019,11,982500000 ,4 ,PolicyBazaar是一个保险产品比较分析平台，为用户提供保险产品的价格、质量和关键效益的比较分析服务，产品种类包含人寿保险、健康保险、汽车保险及其他保险。??
腾讯,Sumo,Sumo Group plc,英国,2019/11/17,2019,11,208000000 ,2 ,Sumo Group是一家英国游戏开发商，曾经隶属于美国公司Foundation 9 Entertainment，Sumo Digital于2014年正式脱离母公司，并将公司搬到英国谢菲尔德，开始自立门户，公司一共参与制作了60多款游戏，包括《杀手2》、《除暴战警3》、《极限竞速地平线》等知名大作。另外，Sumo Digital还和微软工作室、世嘉、索尼、苹果达成了战略伙伴关系，并与多家知名游戏开发商合作制作3A级游戏大作。根据公司的组织架构，在母公司Sumo Group旗下，除了Sumo Digital拥有的8个工作室以外，还拥有英国视觉设计公司Atomhawk。Atomhawk作为世界一流的数字艺术和设计服务工作室，曾为不少大片以及PC、主机、VR等平台游戏提供过设计服务。其中就包括漫威工作室旗下的《银河护卫队》和《复仇者联盟：奥创纪元》等电影以及《不义联盟2》、《死亡岛：终极版》、《异化》、《EVE:瓦尔基里》等游戏。??
腾讯,Ualá,BancarTecnologíaSA,阿根廷,2019/11/26,2019,11,982500000 ,4 ,Ualá是阿根廷一家移动支付服务商，主要提供移动支付卡与APP产品，用户可通过其支付卡进行预付费，并进行账户管理、线上与线下支付、转账汇款等操作。??
腾讯,Satellogic,Satellogic USA Inc,阿根廷,2019/12/21,2019,12,327500000 ,16 ,Satellogic致力于建立全球性的传感器的网络，让人们能进行全球监测并量化数据，从而做出更明智的决策。??
腾讯,Platinum Games,Platinum Games Inc.,日本,2020/1/8,2020,1,,2 ,Platinum Games Inc是一家日本家用电子游戏机软件研发商，主要从事游戏研发及游戏机研发业务，旗下主要产品有《猎天使魔女1/2》、《尼尔 :机械纪元》等。??
腾讯,Lydia,Lydia,法国,2020/1/16,2020,1,292156200 ,4 ,Lydia是一个法国移动支付平台，为用户提供向朋友转账、支付服务费用以及在线购物支付等功能，并且不收手续费用。用户下载App，使用手机号创建账户，然后关联银行卡即可进行随时随地的移动支付。??
腾讯,Funcom,Funcom Oslo AS,挪威,2020/1/22,2020,1,969400000 ,2 ,FunCom是一家挪威在线网络游戏开发运营商，创建于1993年，侧重于开发动作冒险和大型多人在线网络游戏。代表作包括改编自《野蛮人柯南》（Conan The Barbarian）的系列游戏。??
腾讯,Farfetch,Farfetch Limited,英国,2020/1/31,2020,1,1637500000 ,6 ,Farfetch是一家位于英国伦敦的时尚买手电商，这家总部位于伦敦的时尚电商成立于 2007年，平台汇集了超过 300 多家独立设计师精品店，其中不乏许多知名的精品店，如伦敦的 Browns、巴黎的 L’ Eclaireur、卢森堡的 Smets，同时也十分欢迎崭露头角的买手店入驻其中。??
腾讯,Doubtnut,Doubtnut,印度,2020/2/1,2020,2,98250000 ,8 ,Doubtnut提供了一个面向学生的多语种在线学习平台，使用人工智能为数学问题提供解决方案。学生可以上传他们数学问题的照片，之后在24小时内，这家初创公司就向他们发送一个解决方案的视频。Doubtnut公司的目标，是通过利用机器学习驱动的数学图像识别技术，向学生传授世界一流的学习知识。??
腾讯,Skydance Media,Skydance Media,United States of America,2020/2/12,2020,2,1801250000 ,1 ,Skydance Media是一家来自好莱坞的娱乐工作室，旗下的电影作品包括《碟中谍5：神秘国度》，《终结者5》，《僵尸世界大战》和《星际迷航2：暗黑无界》等等。Skydance旗下的影片至今已经创造了5亿美元以上的票房营收。在2017年，Skydance通过设立Skydance Interactive开始进军游戏领域，并把目光聚焦于虚拟现实。Skydance目前涉足的娱乐领域包括电影，电视，动画和游戏。这家公司正在制作最新的《碟中谍》电影（由汤姆·克鲁斯主演，并由克里斯托夫·迈考利执导）；《Gemini Man》（李安执导》；新版《终结者》（制片热是詹姆斯·卡梅隆，导演则是提姆·米勒）；以及由Alessandro Carlon执导的动画电影《Luck》和由Vicky Jenson执导的动画电影《Split》。??
腾讯,Lilium Aviation,Lilium GmbH,德国,2020/3/23,2020,3,1572000000 ,10 ,Lilium Aviation是一家飞行汽车研发商，专注于研发飞行汽车Lilium jet，该产品没有车轮，采用轻质复合材料制成，由36个可定向的管道电风扇驱动，风扇分别安装在机翼和前舱上以推进飞机，自带两个座位，能垂直起飞和降落。??
腾讯,Swiggy,Bundl Technologies Private Limited,印度,2020/4/7,2020,4,281650000 ,11 ,Swiggy是印度一家外卖点餐速递平台，旗下拥有一个超过150人的快递团队，当用户点单之后，这些快递人员会前往各个饭店，把美食打包快速送到用户手上。
腾讯,Voyager Innovations,"Voyager Innovations, Inc.",菲律宾,2020/4/7,2020,4,786000000 ,4 ,Voyager Innovations是一家菲律宾的技术公司，参与开发和提供数字服务。是菲律宾最大的电信和数字服务提供商PLDT公司的金融技术部门。??
腾讯,Pratilipi,Nasadiya Tech. Pvt. Ltd.,印度,2020/4/30,2020,4,72050000 ,1 ,Pratiipi公司成立于2014年，该平台允许作家在上面发表自己的诗歌、故事和其他文学作品，允许读者在上面免费阅读。现阶段，该平台已经拥有了大约150万用户，有超过9000名作者在上面发表了作品。??
腾讯,Afterpay,Afterpay,澳大利亚,2020/5/4,2020,5,,4 ,Afterpay为客户提供了一种较为弹性的支付方式，消费者无需支付所购买商品的全额，而是可以分成最高56天周期内，每两周进行分期付款，期间并不收取任何利息和手续费。??
腾讯,N26,N26 Bank GmbH,德国,2020/5/6,2020,5,655000000 ,4 ,N26为客户提供移动银行服务。其移动银行服务提供在线银行业务，包括制作和处理经常账户，固定账户和其他银行服务，让客户轻松地通过智能手机应用程序管理和控制他们的银行详细信息。??
腾讯,Khatabook,ADJ Utility Apps Private Limited,印度,2020/5/22,2020,5,393000000 ,3 ,Khatabook是印度一家会计服务提供商，专注于帮助用户在手机上管理分类帐目，旗下开发了一款基于智能手机的会计应用程序，可以帮助企业家提供付款提醒，帮助用户进行会计统计。??
腾讯,Marvelous,Marvelous Japan,日本,2020/5/25,2020,5,425750000 ,2 ,Marvelous是一家游戏开发商，业务范围包括游戏、动漫和音乐。代表作有《牧场物语》、《符文工房》、《闪乱神乐》等。??
腾讯,iflix,iflix Ltd.,马拉西亚,2020/6/25,2020,6,,9 ,Iflix公司成立于 2015 年，总部位于吉隆坡，为超过 500 万用户提供视频流媒体服务，业务范围主要覆盖东南亚市场，包括文莱、印度尼西亚、马来西亚、巴基斯坦、斯里兰卡、泰国、马尔代夫、菲律宾和越南。??
腾讯,UiPath,UiPath Inc,United States of America,2020/7/13,2020,7,1473750000 ,3 ,UiPath是一家机器流程自动化研发商，致力于利用人工智能或机器人来处理重复性的行政工作，并实现自动化的技术。来解放更多的人力去操作拥有技术性的工作，从而提高公司的业务效率。??
腾讯,Flipkart,Flipkart,印度,2020/7/14,2020,7,7860000000 ,6 ,Flipkart是印度综合电商平台，主要销售书籍、音乐和电影周边产品、3c产品等，同时也有自主品牌“DigiFlip”主要生产笔记本电脑和3c产品。用户可通过线上平台和手机APP进行自主购物。??
腾讯,Atomwise,"Atomwise, Inc.",United States of America,2020/8/12,2020,8,805650000 ,7 ,Atomwise是一家美国人工智能医药研发商，利用超级计算机、AI和复杂的算法模拟制药过程，来预测新药品的效果，同时降低研发成本，其开创性技术AtomNet可以像人工智能学习识别图像一样，通过识别模式判断分子间的相互作用。??
腾讯,Voodoo.inc,Voodoo SAS,United States of America,2020/8/18,2020,8,,2 ,Voodoo是一家移动游戏制作商，作为手游开发商，公司目前在线运营的游戏有十几款，有 9 款是 2017 年发行的，其中有 8 款游戏登顶过美国 iOS 免费榜，2016 年发布的两款游戏也都达到过美国免费榜冠军位置，尤其是《Paper.io》曾连续数月霸榜。??
腾讯,Gaana,Gamma Gaana Ltd,印度,2020/9/4,2020,9,327500000 ,1 ,Gaana是一家印度音乐流媒体服务商，旗下主要产品为音乐流媒体平台“Gaana Music”，用户在平台可浏览众多音乐列表并保存喜爱的歌曲，平台可为用户提供包括印地语、英语、泰米尔语、泰卢固语在内的多种语言。??
腾讯,Instrumental,"Instrumental, Inc.",United States of America,2020/11/5,2020,11,,18 ,Instrumental正在开发软件，使装配线能够自动操作，学习和调整零件和工艺，从而节省数十亿美元的废料和返工成本。我们的客户使用Instrumental在他们的装配线上查找和解决问题，防止开发进度滑倒，并以更高的产量开始生产。??
腾讯,IQM,IQM Finland Oy,芬兰,2020/11/10,2020,11,301300000 ,18 ,IQM是一家芬兰量子计算机技术及设备研发商。为通用量子计算机构建可扩展的硬件，专注于超导技术。??
腾讯,Udemy,"Udemy, Inc.",United States of America,2020/11/19,2020,11,,8 ,Udemy 是一家开放式在线教育网站 (MOOC），用户可以随时在平台上学习任何课程，也可以建立自己的课程，将自己擅长的专业与知识介绍给全世界，课程费用由老师自主决定，通常在20美元到100美元之间不等。??
腾讯,WaveVR,"WaveVR, Inc.",United States of America,2020/11/20,2020,11,,1 ,WaveVR是一家虚拟音乐会举办商，WaveVR是由一群希望将现场活动搬到数字世界的音乐和技术自身从业者创建。这家公司与唱片公司、经纪人公司和独立艺人合作，举办以虚拟化身为特色的虚拟音乐会。团队最近宣布了名为“One Wave”的系列虚拟节目，并由约翰·传奇和塔娜什·乔治森主持。??
腾讯,Satispay,Satispay,意大利,2020/11/20,2020,11,734700000 ,3 ,Satispay 是一个智能支付平台，允许个人和商户发送并接收付款。不仅如此，企业还可以将 Satispay 支付功能整合到自己的智能手机，平板电脑和 PC 端的应用程序里，接受客户付款。而且，该公司还为电子商务提供支付插件和个性化支付链接，帮助他们收取用户付款。??
阿里巴巴,Vendio,Vendio,United States of America,2010/7/24,2010,7,,6 ,Vendio Services是美国电子商务SaaS提供商，主要业务是帮助中小规模的商家同时管理多个电商平台上的网店。??
阿里巴巴,Fanatics,Fanatics Inc.,United States of America,2013/6/6,2013,6,1113500000 ,17 ,Fanatics是一家在线体育用品零售商，销售包括运动衫、马克杯、夹克衫、消费电子商品在内的体育周边用品。??
阿里巴巴,ShopRunner,ShopRunner,United States of America,2013/10/11,2013,10,1349300000 ,6 ,ShopRunner是一家美国电商创业公司，类似中国的天猫商城，采用会员制模式，消费者每年支付79美元成为ShopRunner会员，可以享受到两日免费快递以及免费退货的服务。??
阿里巴巴,1stdibs,1stdibs,United States of America,2014/1/24,2014,1,98250000 ,22 ,stdibs 成立于2001年，是一家来自美国的高端奢侈品网站，主要销售珠宝、艺术品、奢侈品等。??
阿里巴巴,Tango,Tango,United States of America,2014/3/19,2014,3,1834000000 ,5 ,Tango成立于2009年，是一个手机上的移动社交应用，主打美国、西欧、中东和东南亚部分地区，全球注册用户超过2亿人，月活跃用户7000万。??
阿里巴巴,Lyft,Lyft,United States of America,2014/4/3,2014,4,1637500000 ,10 ,Lyft是一家美国网约车服务平台，并提供打车中的拼车服务模式，用户打开手机APP，即可打车；车主注册成为该公司的司机后，即可打开手机APP端乘载用户，平台从司机赚取的费用中抽取佣金。同时公司还为汽车制造商开发自动驾驶系统。??
阿里巴巴,SingPost,SingPost,新加坡,2014/5/1,2014,5,1965000000 ,19 ,SingPost/新加坡邮政是新加坡国家邮政服务供应商之一， 新加坡电信（英语：SingTel）公司旗下一个子公司。新加坡邮政公司不仅售卖邮票和提供递送邮件服务，也将提供金融相关的服务并开当铺，为公众提供典当服务。??
阿里巴巴,Kabam,KABAM,United States of America,2014/8/1,2014,8,100000000 ,2 ,Kabam成立于2006年11月，是一家手游研发商和发行商，作品包括《霍比特人：中土王者》（The Hobbit: Kingdoms of the Middle-earth）、赛车游戏《速度与激情6：游戏》(Fast & Furious 6: The Game)等。??
阿里巴巴,Aiming,Aiming,日本,2014/12/15,2014,12,,2 ,Aiming 成立于2011年5月，是日本一家手游开发公司，已经出版的产品包括：《侍道(Blade Chronicle)》和PRG卡牌游戏《圣骑之王(Lord of Knights)》等。 ??
阿里巴巴,Visualead,Visualead,以色列,2015/1/20,2015,1,32750000 ,12 ,Visualead公司能为产品包装、防伪、移动支付、移动优惠券、社交活动、移动票务、登录和身份验证提供基于扫描的连接解决方案。??
阿里巴巴,Jet.com,"Jet.com, Inc.",United States of America,2015/2/15,2015,2,91700000 ,6 ,Jet.com是一家会员制电商网站，Jet的工程师会不断地更新最高效、最省钱的销售商，提供综合性商品。??
阿里巴巴,Zulily,Company Zulily,United States of America,2015/5/11,2015,5,366800000 ,6 ,Zulily是一家专注母婴电商的闪购网站，每天会上线不同的新产品。??
阿里巴巴,Lyft,Lyft,United States of America,2015/5/17,2015,5,982500000 ,10 ,Lyft是一家美国网约车服务平台，并提供打车中的拼车服务模式，用户打开手机APP，即可打车；车主注册成为该公司的司机后，即可打开手机APP端乘载用户，平台从司机赚取的费用中抽取佣金。同时公司还为汽车制造商开发自动驾驶系统。??
阿里巴巴,Snap,Snap Inc.,United States of America,2015/5/30,2015,5,3517350000 ,5 ,Snap Inc.是一家相机公司，旗舰产品Snapchat是一款“阅后即焚”照片分享应用。利用该应用程序，用户可以拍照、录制视频、添加文字和图画，并将他们发送到自己在该应用上的好友列表。??
阿里巴巴,PEPPER,SoftBank Robotics Corp.,日本,2015/6/18,2015,6,,16 ,SBRH是一个一家专注机器人业务的法国公司，旗下拥有全球首个具有感情的机器人产品 Pepper。??
阿里巴巴,SBRH,SBRH,日本,2015/6/18,2015,6,50000000 ,16 ,SBRH是一个一家专注机器人业务的法国公司，旗下拥有全球首个具有感情的机器人产品 Pepper。??
阿里巴巴,SingPost,SingPost,新加坡,2015/7/8,2015,7,655000000 ,19 ,SingPost/新加坡邮政是新加坡国家邮政服务供应商之一， 新加坡电信（英语：SingTel）公司旗下一个子公司。新加坡邮政公司不仅售卖邮票和提供递送邮件服务，也将提供金融相关的服务并开当铺，为公众提供典当服务。??
阿里巴巴,冠庭国际物流,冠庭国际物流,新加坡,2015/7/8,2015,7,903900000 ,19 ,冠庭国际物流是一家总部位于新加坡的区域性物流服务供应商，广泛提供各种解决方案，目前在亚太地区的 10 多个国家设有分支机构，业务涉及全球220多个国家和地区。 ??
阿里巴巴,Ouya,OUYA,United States of America,2015/7/29,2015,7,65500000 ,2 ,Ouya 是一个游戏设备研发商，其开发了首个面向电视的开放平台，提供了1000多款游戏。??
阿里巴巴,Snapdeal,Snapdeal,印度,2015/8/19,2015,8,3600000000 ,6 ,Snapdeal是印度最大的在线电子商务平台，其品牌产品包括手机，电子产品，电脑外设，服装，化妆品，香水，手表，手袋，太阳镜，鞋类，厨具等品牌。??
阿里巴巴,Paytm,One97 Communications Ltd,印度,2015/9/29,2015,9,4454000000 ,4 ,Paytm是一家印度移动购物和支付平台。总部位于印度诺伊达，于公元2010年加入了印度的财经科技产业，母公司为One97 Communications。公司创立初期提供手机充电、线上支付、线上购物等服务。??
阿里巴巴,Nestpick,Nestpick,德国,2015/11/3,2015,11,72050000 ,20 ,Nestpick 是一家提供租房服务的公司。主要针对年轻留学生，为他们在读书期间提供3个月到3年不等的租房服务。??
阿里巴巴,南华早报,南华早报出版有限公司,香港,2015/12/11,2015,12,25000000 ,1 ,《南华早报》成立于1903年，是香港著名英文商业报纸之一，内容覆盖中港两地以至全亚洲，过去百年来，南华早报一直是香港、内地以至亚洲最具公信力的报章。 ??
阿里巴巴,Amwise Diagnostics,Amwise Diagnostics,新加坡,2016/1/1,2016,1,,7 ,Amwise Diagnostics是一个亚洲乳腺癌精准医疗平台，透过专利的基因分析检测技术，协助医师与病人拟定合适的治疗策略，以达治疗最佳化、副作用最小化的个人医类应用。已完成全球唯一采用亚洲人种基因库发展而成的乳腺癌复发风险检测，为临床提供肿瘤精准检测方案。??
阿里巴巴,Lyft,Lyft,United States of America,2016/1/5,2016,1,6550000000 ,10 ,Lyft是一家美国网约车服务平台，并提供打车中的拼车服务模式，用户打开手机APP，即可打车；车主注册成为该公司的司机后，即可打开手机APP端乘载用户，平台从司机赚取的费用中抽取佣金。同时公司还为汽车制造商开发自动驾驶系统。??
阿里巴巴,PlaceIQ,"PlaceIQ, Inc.",United States of America,2016/1/14,2016,1,163750000 ,3 ,PlacelQ 创立于 2010 年，总部位于纽约，致力于为客户提供位置工具和数据服务，确保广告客户的营销活动能够覆盖更多的移动品牌受众。公司将位置数据与营销人员提供的“第一方”数据相结合，利用其对位置和消费者活动的了解来覆盖目标受众，更全面地了解消费者的行为信息。??
阿里巴巴,Magic Leap,Magic Leap Inc.,United States of America,2016/2/2,2016,2,5200700000 ,21 ,Magic Leap是一家美国AR可穿戴设备研发商，开发的产品主要针对开发创作者，主要研发方向是将立体3D图像无缝整合到真实场景，让用户在真实场景的基础上能直接看到虚拟场景并与之互动。公司开发的产品有“Magic Leap One”。??
阿里巴巴,SM娱乐,韩国SM娱乐有限公司,South Korea,2016/2/11,2016,2,195000000 ,1 ,SM娱乐(S.M.Entertainment)是韩国最大的综合娱乐公司，有造梦星工厂之称，旗下代表艺人有BoA、东方神起、Super Junior、少女时代、SHINee、f(x)、EXO等。??
阿里巴巴,Groupon,Groupon,United States of America,2016/2/13,2016,2,655000000 ,6 ,Groupon 成立于2008年11月，是一家电商团购网站，主要为商家提供一系列产品的特卖服务，每天只推荐一款商品。??
阿里巴巴,Lazada,Lazada,新加坡,2016/4/12,2016,4,6550000000 ,6 ,Lazada，东南亚地区最大的在线购物网站之一。获得德国创业孵化器RocketInternet桑威尔兄弟(SamwerBrothers)支持，Lazada的目标主要是印尼、马来西亚、菲律宾以及泰国用户。??
阿里巴巴,shopline,shopline,台湾,2016/5/5,2016,5,,6 ,Shopline是一个跨境电商平台，是帮助电商商家在独立网站上，直接向消费者销售商品的在线平台，全球有超过20万个品牌使用Shopline开店，有超过12万店家使用Shopline。??
阿里巴巴,YEECHOO,YEECHOO INTERNATIONAL HOLDINGS LIMITED,香港,2016/5/5,2016,5,32750000 ,11 ,YEECHOO是一家成立于香港的设计品牌服饰租赁及共用平臺。YEECHOO让“体验重于拥有”这种新的生活态度变为现实 － 顾客仅需支付零售价的少部分就能穿上在这个无限大衣橱里的各式高档设计品牌服饰。??
阿里巴巴,Twiggle,Twiggle,以色列,2016/6/1,2016,6,34715000 ,6 ,Twiggle是一家开发电子商务搜索引擎的初创公司，Twiggle的目标是开发一种比目前的搜索方案更精确搜索结果的电子商务搜索引擎，让用户即使是输入一些非常口语对话式语言也能获得非常精确的搜索结果。??
阿里巴巴,Grana,Grana,香港,2016/10/4,2016,10,65500000 ,22 ,Grana的黄金法则是：品质。Grana的面料供应商来自全球各地，包括：中国浙江湖州丝绸，蒙古羊毛，爱尔兰亚麻，日本牛仔布，秘鲁特级长绒棉比马棉，法国府绸，中国斜纹棉布，意大利美利奴羊毛和日本条纹布等，很多为奢侈大牌供货。通过与面料供应商直接合作，Grana自行设计并组织生产，以亲民的价格为顾客们带来奢侈品级别的高质量服装。??
阿里巴巴,PlaceIQ,"PlaceIQ, Inc.",United States of America,2016/10/13,2016,10,,3 ,PlacelQ 创立于 2010 年，总部位于纽约，致力于为客户提供位置工具和数据服务，确保广告客户的营销活动能够覆盖更多的移动品牌受众。公司将位置数据与营销人员提供的“第一方”数据相结合，利用其对位置和消费者活动的了解来覆盖目标受众，更全面地了解消费者的行为信息。??
阿里巴巴,Infinity AR,Infinity Augmented Reality,以色列,2016/11/2,2016,11,117900000 ,21 ,Infinity AR是一家打造 SDK，让虚拟图像能够投射在现实物体的公司。??
阿里巴巴,Barefoot,"Barefoot Networks, Inc.",United States of America,2016/11/23,2016,11,150650000 ,22 ,Barefoot是一个团队是谁创造了一个蓝图，设计和经营世界上最快，最可编程网络有远见，经验丰富的技术人员和工程师。??
阿里巴巴,Lumus,Lumus,以色列,2017/1/20,2017,1,39300000 ,21 ,Lumus一直在研发波导式AR光学方案。之前他们把波导光学方案镜片做到了 1.6mm 厚，FOV 40 度，属于全球领先水平，今年CES 时他们又展出了 1080P 分辨率，FOV 达到了 60 度的最新一代产品。微软的 Hololens 采用全息光波导的光学方案，可视角达到 30 度已经有不错的效果，达到 60 度的话应该就已经满足日常使用。??
阿里巴巴,Paytm,One97 Communications Ltd,印度,2017/3/3,2017,3,1310000000 ,4 ,Paytm是一家印度移动购物和支付平台。总部位于印度诺伊达，于公元2010年加入了印度的财经科技产业，母公司为One97 Communications。公司创立初期提供手机充电、线上支付、线上购物等服务。??
阿里巴巴,Paytm Mall,Paytm Mall,印度,2017/3/3,2017,3,1310000000 ,6 ,Paytm Mall是一个电子商务服务平台，是印度移动支付平台Paytm旗下新成立的电商。??
阿里巴巴,Paytm,One97 Communications Ltd,印度,2017/3/9,2017,3,270187500 ,4 ,Paytm是一家印度移动购物和支付平台。总部位于印度诺伊达，于公元2010年加入了印度的财经科技产业，母公司为One97 Communications。公司创立初期提供手机充电、线上支付、线上购物等服务。??
阿里巴巴,Wayray,Wayray,俄罗斯,2017/3/15,2017,3,117900000 ,21 ,Wayray是一家AR公司，核心产品是采用增强现实技术的汽车导航设备Navion，Navion是将导航全息影像从仪表盘上的一个小装置上投掷到挡风玻璃。挡风玻璃上的全息图像包括导航信息和安全提示。产品使用过程中，用户会感觉到地面上出现很多的箭头，只要沿着箭头指示开车就可以到达目的地。??
阿里巴巴,Qupital,Qupital,香港,2017/5/18,2017,5,13100000 ,4 ,Qupital是香港首家在线发票贴现交易平台。它希望解决公司无法迅速获得现金的问题，通过拍卖未付款发票让公司在该网站融资。这实质上相当于将公司的应收账款证券化。投资者，或Qupital所称的“出资者”可评估和竞购希望融资的公司在Qupital上列出的发票。一旦该公司从它们的债务人手中获得付款，Qupital即自动将这笔资金连同利息转给“出资者”。??
阿里巴巴,TicketNew,Orbgen Technologies Pvt. Ltd.,印度,2017/6/6,2017,6,130000000 ,11 ,TicketNew是一家金奈的创企，能为印度300多家城市提供电影票预订服务。??
阿里巴巴,Lazada,Lazada,新加坡,2017/6/30,2017,6,6550000000 ,6 ,Lazada，东南亚地区最大的在线购物网站之一。获得德国创业孵化器RocketInternet桑威尔兄弟(SamwerBrothers)支持，Lazada的目标主要是印尼、马来西亚、菲律宾以及泰国用户。??
阿里巴巴,CompareAsiaGroup,CompareAsiaGroup,香港,2017/7/11,2017,7,327500000 ,4 ,CompareAsiaGroup是一个理财服务比较平台，涵盖从信用卡、贷款到健康和汽车保险的服务，致力于为消费者提供个性化理财产品。??
阿里巴巴,SingSaver,SingSaver,新加坡,2017/7/11,2017,7,327500000 ,4 ,SingSaver 主要帮助个人消费者推荐最合适的金融产品，包括信用卡、个人贷款和保险等，他们专属的人工智能及机器学习金融服务对比工具，能让用户一目了然地看到金融产品的优劣。??
阿里巴巴,Tokopedia,PT Tokopedia,印度,2017/8/17,2017,8,7205000000 ,6 ,Tokopedia是印度尼西亚的一个C2C电商平台，专注于将消费者和商家连接在一起，并提供网络平台，旨在帮助本地小企业和本地品牌利用互联网来创办和发展他们的业务。??
阿里巴巴,Bigbasket,Supermarket Grocery Supplies Private Limited,印度,2017/9/8,2017,9,1834000000 ,17 ,Bigbasket是一家印度生鲜食品及杂货平台，旗下拥有诸多品牌，如Fresho（主要配送果蔬、肉类和烘烤食品）、Royal（主要配送主食、茶饮和麦片）及Tasties（主要配送零食）等。??
阿里巴巴,MariaDB,MariaDB,United States of America,2017/10/1,2017,10,176850000 ,3 ,MariaDB 产品包括 Maria DB Server、MaxScale 数据库代理，ColumnStore 分布式数据存储引擎、技术支持、培训等。MariaDB最著名的业务就是提供MySQL服务器最流行的替代品。目前全球共计有 1200 万用户，包括 booking.com、惠普、维珍移动、维基百科等，提供混合云、公共云和私有云部署。??
阿里巴巴,Magic Leap,Magic Leap Inc.,United States of America,2017/10/18,2017,10,262000000 ,21 ,Magic Leap是一家美国AR可穿戴设备研发商，开发的产品主要针对开发创作者，主要研发方向是将立体3D图像无缝整合到真实场景，让用户在真实场景的基础上能直接看到虚拟场景并与之互动。公司开发的产品有“Magic Leap One”。??
阿里巴巴,Prenetics,Prenetics Limited,香港,2017/10/18,2017,10,3288099999 ,7 ,Prenetics是东南亚地区领先的基因主导数码化医疗保健公司。Prenetics便能赋予客户重要的健康资讯。只需要简单的唾液样本，客户就能了解基因如何影响自己的饮食丶药物反应丶疾病与癌症风险。这种资讯能使人们主动预防疾病，改善生活方式，去拥抱更健康人生。??
阿里巴巴,Bigbasket,Supermarket Grocery Supplies Private Limited,印度,2017/10/25,2017,10,44540000 ,17 ,Bigbasket是一家印度生鲜食品及杂货平台，旗下拥有诸多品牌，如Fresho（主要配送果蔬、肉类和烘烤食品）、Royal（主要配送主食、茶饮和麦片）及Tasties（主要配送零食）等。??
阿里巴巴,Umbo Computer Vision,盾心科技股份有限公司,台湾,2017/10/25,2017,10,32750000 ,13 ,Umbo Computer Vision 是专主A.I. 影像辨识与自主学习的创新公司，研发能量注重‘行为预测’分析，透过人类的智慧教监视器能看懂犯罪。其自主研发的 AI 核心:Umbo Light运用深度学习的类神经网路架构，将电脑视觉商用化在安全监控相机上，教导监视器主动判断画面中的跟人相关的所有行为，并在事件发生第一时间进行通报。透过 AI 有效大幅提升执勤人员效率。??
阿里巴巴,WeLend,香港WeLab公司,香港,2017/11/8,2017,11,1441000000 ,4 ,WeLend是香港一家P2P借贷服务平台，利用科技并结合大数据分析，实施网上即时自动审批技术，致力于为用户提供快速的借贷服务。主要贷款产品：私人贷款、免文件贷款、清卡数贷款、分期付款、手机分期等。??
阿里巴巴,美味生活HowLiving,美味生活股份有限公司,香港,2017/11/15,2017,11,26200000 ,6 ,美味生活HowLiving以原创美食视频为主要内容，主打快速简单的低卡食谱、烘焙以及亲子饮食，并不定期推出瘦身午餐、轻食、饮品等特别专题。除了美食视频以外，美味生活还推出了垂直电商平台，主营烘焙领域厨房用品及烹调小家电等。此外，美味生活也有自有品牌商品，如食谱书以及松饼粉，并举办线下活动“美味生活节”，进行美食分享、健康讲座、亲子互动活动，并不定期在线下活动中以快闪市集形式销售电商平台产品。??
阿里巴巴,Visualead,Visualead,以色列,2017/12/1,2017,12,,12 ,Visualead公司能为产品包装、防伪、移动支付、移动优惠券、社交活动、移动票务、登录和身份验证提供基于扫描的连接解决方案。??
阿里巴巴,Glo VR,GLO VR,香港,2017/12/15,2017,12,19650000 ,21 ,Glo是一家致力于在所有VR平台上创建优质VR内容和体验的VR公司。目标是创建一个“超逼真的密室逃亡体验”，让用户们可以共同完成目标，并在VR中“逃离”一个房间。??
阿里巴巴,Citiesocial,Citiesocial,台北,2018/1/9,2018,1,18012500 ,6 ,Citiesocial成立2011年，总部位于台北，是一个专注于美食、设计的线上百货，发现和分享精致物品，提供限时优惠导购等，目前在台湾和香港两地拥有60万用户。其服务已经拓展到了中国大陆，韩国和日本等地。??
阿里巴巴,Nexar,Nexar,台湾,2018/1/26,2018,1,196500000 ,10 ,Nexar的行车记app依赖于计算机视觉和传感器融合算法来检测事故并分析路况，然后向其网络中的其它车辆发送实时警告。公司的技术也被保险公司用来进行交通事故的再现，以辅助索赔调查。??
阿里巴巴,XpressBees,Busybees Logistics Solutions Pvt Ltd.,印度,2018/1/30,2018,1,229250000 ,19 ,Xpressbees是于2015年创立的一家电子商务物流公司，公司提供最后一公里配送、逆向物流、托收货款、接代发货、供应商管理、跨境服务、专递服务和量身定制软件解决方案等服务。??
阿里巴巴,Bigbasket,Supermarket Grocery Supplies Private Limited,印度,2018/2/2,2018,2,1965000000 ,17 ,Bigbasket是一家印度生鲜食品及杂货平台，旗下拥有诸多品牌，如Fresho（主要配送果蔬、肉类和烘烤食品）、Royal（主要配送主食、茶饮和麦片）及Tasties（主要配送零食）等。??
阿里巴巴,Zomato,Zomato?Media Pvt Ltd.,印度,2018/2/2,2018,2,1310000000 ,11 ,Zomato是一家印度美食推荐平台，针对用户喜好，个性化的为用户推荐餐厅及美食产品，并提供相关搜索服务，同时为用户提供点评、分享等社交功能，以及食品外卖和餐桌预订服务。??
阿里巴巴,Lazada,Lazada,新加坡,2018/3/19,2018,3,13100000000 ,6 ,Lazada，东南亚地区最大的在线购物网站之一。获得德国创业孵化器RocketInternet桑威尔兄弟(SamwerBrothers)支持，Lazada的目标主要是印尼、马来西亚、菲律宾以及泰国用户。??
阿里巴巴,Kloudless,Kloudless,台湾,2018/3/27,2018,3,39300000 ,3 ,Kloudless是一款云存储API，允许开发人员使用单个REST API进行构建，而不必使用许多不同的API进行编码。它可以立即将多个云存储服务连接到您的应用。您只编写一次代码，并且您的应用程序一次连接到多个云服务，而不是单独集成每个云服务。Kloudless负责整合，持续维护和错误处理，以便您可以专注于构建出色的产品。??
阿里巴巴,Paytm Mall,Paytm Mall,印度,2018/4/3,2018,4,2914750000 ,6 ,Paytm Mall是一个电子商务服务平台，是印度移动支付平台Paytm旗下新成立的电商。??
阿里巴巴,Grab,Grab Holdings Inc.,新加坡,2018/4/5,2018,4,,10 ,Grab是新加坡一家网约车服务提供商，平台把乘车用户与出租车司机连接在一起，用户只要输入接送与下车位置，获得估计的车费后，即可下单预约司机，并可了解到司机的具体位置和实时的到达时间。??
阿里巴巴,GetLinks,GetLinks,United States of America,2018/4/27,2018,4,,22 ,GetLink是由美国人控股的公司，总部位于泰国曼谷，是东南亚最大的技术人才招聘市场，目前公司的平台上有超过30万技术人员和2000家科技公司。目前，GetLinks的运营地区包括泰国、新加坡、越南，其软件的使用地还包括韩国和日本。??
阿里巴巴,Daraz,Daraz,巴基斯坦,2018/5/8,2018,5,,6 ,Daraz成立于2012年，是巴基斯坦一个B2C电商平台，可以向巴基斯坦国内超过200个城市提供送货服务。??
阿里巴巴,Ordre,Ordre,英国,2018/5/22,2018,5,,21 ,Ordre是一家旨在通过数字订购平台来优化奢侈品市场批发的初创公司。Ordre主打360度全景服装和虚拟现实时装秀，消除了亲身前往时尚周和陈列室的需要。Ordre吸引力的关键在于三维激光扫描工具的发展，其允许设计者拍摄高分辨率的360度全景图像。网站上的买家也可以使用VR头显观看时装表演，仿佛自己坐在时装秀前排一样。??
阿里巴巴,SQream,SQream Technologies Ltd.,以色列,2018/5/30,2018,5,172920000 ,3 ,SQream是一个GPU数据库提供商，为大数据集分析提供数据库服务，具有商业智能加速功能，可以根据大型数据集进行智能时间决策，旗下拥有用于分析数据集的GPU数据库“SQream DB”，具有快速访问数据的功能。??
阿里巴巴,Paytm,One97 Communications Ltd,印度,2018/6/13,2018,6,2914750000 ,4 ,Paytm是一家印度移动购物和支付平台。总部位于印度诺伊达，于公元2010年加入了印度的财经科技产业，母公司为One97 Communications。公司创立初期提供手机充电、线上支付、线上购物等服务。??
阿里巴巴,Moneybox,Digital Moneybox Limited,英国,2018/7/9,2018,7,14000000 ,4 ,Moneybox是一款app，能够与用户的银行账户关联并自动进行支付、零钱投资。目前，投资的对象主要是用户的ISA账户，可供投资的基金分别来自Vanguard、Henderson和Blackrock。??
阿里巴巴,SMARTRAC,SMARTRAC,荷兰,2018/7/10,2018,7,,14 ,SMARTRAC是荷兰一家宽带用RFID组件研发商，专注于零售、汽车、保健和其他行业的RFID及物联网方案开发，产品可应用于公共运输、门禁管理、RFID汽车防盗、动物识别、工业和物流等领域。??
阿里巴巴,En-trak,En-trak,香港,2018/7/25,2018,7,,3 ,En-trak智慧楼宇平台集合智能照控、电力、水、天然气、室内空气质量、EV充电、太阳能和风力发电，能搜集及综合不同楼宇数据，让客户管理和优化办公室和楼宇资源，协助提升工作效率及履行监管要求。??
阿里巴巴,Quibi,"WCI One, LLC",United States of America,2018/8/7,2018,8,6550000000 ,9 ,"Quibi是一家美国移动视频流媒体服务商，主要为智能手机开发短片媒体内容,用户可以在线观看并订阅感兴趣的小视频。??"
阿里巴巴,DeepMap,DeepMap Inc.,United States of America,2018/8/10,2018,8,393000000 ,10 ,DeepMap是一家无人驾驶领域的新兴地图公司，专注于高精度地图解决方案的研发，其所提供的高清地图、实时定位软件以及其他必要基础数据都将推动无人驾驶技术的发展。??
阿里巴巴,FunNow,FunNow,台湾,2018/8/14,2018,8,32750000 ,11 ,FunNow是亚洲唯一的即时预订应用程序的娱乐和休闲服务，为用户提供超过2000种即时预约服务，包括旅宿、泡汤、餐厅、酒吧、按摩等，致力于提升用户的生活品质，让用户只需专注享受欢乐时光。??
阿里巴巴,Trendyol,Trendyol,土耳其,2018/8/15,2018,8,,6 ,Trendyol是土耳其最为著名的在线时装零售商。??
阿里巴巴,Wayray,Wayray,俄罗斯,2018/9/19,2018,9,524000000 ,21 ,Wayray是一家AR公司，核心产品是采用增强现实技术的汽车导航设备Navion，Navion是将导航全息影像从仪表盘上的一个小装置上投掷到挡风玻璃。挡风玻璃上的全息图像包括导航信息和安全提示。产品使用过程中，用户会感觉到地面上出现很多的箭头，只要沿着箭头指示开车就可以到达目的地。??
阿里巴巴,KKday,酷游天股份有限公司,台湾,2018/11/8,2018,11,,15 ,KKday创始于2015年年初，总部位于中国台湾，是一家专业的旅游门户网站。KKday提供全球53座城市超过6000种旅游经验，并且涵盖多种语言，包括日语、韩语、英语、中文繁体和中文简体。??
阿里巴巴,4Gamers,4Gamers,台湾,2018/11/20,2018,11,,2 ,4Gamers成立于 2013 年，以推广电竞运动文化、活络电竞社群为宗旨，积极培养电竞产业人才。旗下有电竞赛事平台、游戏新闻网站、数位杂志、社群平台app等产品，于2014年8月推出台湾首次以BYOC（Bring your own computer）为主轴的LAN Party“WirForce”， 整合国际电竞赛事、游戏与硬体产品发表、Music Party，“WirForce”现已发展为亚洲最大的电竞活动。??
阿里巴巴,Amwise,Amwise,新加坡,2018/11/20,2018,11,,7 ,Amwise安智生医专注精准医疗领域，致力成为造福癌症患者的精准医疗领导品牌，其专利的基因检测，可建议医师和患者最佳治疗选项，以期达到疗效最佳化、副作用最小化的癌症个人化医疗应用，并减少整体医疗负担，提升癌症治疗品质。??
阿里巴巴,Bitmark,Bitmark Inc.,台湾,2018/11/20,2018,11,,4 ,Bitmark是台湾一家区块链所有权创业公司，在其平台上注册的所有权被绑定为称为bitmarks 的数字资产，用户可用其进行交易，并创建交易电子记录。??
阿里巴巴,Cocomelody,Cocomelody,United States of America,2018/11/20,2018,11,,11 ,Cocomelody团队致力于实现每一个新娘的婚纱梦，并在过去的十几年间付诸实践，至今已经为世界各地超过20万名新娘量身打造出独属于她们的绝美婚纱。??
阿里巴巴,Codementor,Codementor,台湾,2018/11/20,2018,11,,8 ,CodeMentor是一个致力于为开发者提供即时的一对一在线编程指导的网站，采取付费模式，从学员全额费用中抽取 20%—30% 的佣金。就交流方式而言，程序员可以跟导师通过代码 / 截屏分享、视频对话、文字沟通的方式进行沟通，Codementor 努力营造一种面对面学习的效果。Codementor采取两种在线提问方式，一是直接在Codementor 网站上提交问题，比如你提交了Ruby方面的问题，系统就会给出在线的 Ruby 方向的导师。??
阿里巴巴,Fast Retain,Fast Retain,台湾,2018/11/20,2018,11,,6 ,"Fast Retain 创立于 2015 年，针对新世代的饮食需求，透过社群意见，精选出国内外的健康饮食商品，旗下有“早餐吃麦片”、“运动吃蛋白”两个服务，透过社群、电商、全球採购、数据分析、更紧密连结消费者和制造端的距离，2 年内累积 300,000 购买会员，近千种的进口健康产品。??"
阿里巴巴,Health2Sync,H2 Inc.,台湾,2018/11/20,2018,11,,7 ,Health2Sync成立于2013年，公司为糖尿病患者提供综合的健康管理平台，其产品结合了移动设备、云服务和数据分析，为糖尿病患者提供更加个性化的护理，同时护理人员和患者家属也可以远程监护病人，公司拥有目前亚洲最大的诊所和医院网络平台，率先为亚洲糖尿病患者带来了有效且可推广的护理方案。 ??
阿里巴巴,iStaging,iStaging,台湾,2018/11/20,2018,11,,20 ,iStaging首创结合扩增实境、虚拟实境和2D转3D技术打造独家的穿越实境 ，整合虚实空间，创造前所未见的沉浸式导览体验。颠覆消费者过去传统找房、装潢的不便，採用创新科技为您媒合理想家居与家饰艺术设计。??
阿里巴巴,NextDrive,NextDrive,台湾,2018/11/20,2018,11,,16 ,NextDrive 联齐科技为消费者和企业客户提供完整物联网服务与解决方案。目前的产品领域包含智慧家庭、智慧节能以及高音质音乐随身装置，营运地区扩及日本、臺湾和欧美，自成立后获多项大奖肯定，包含2016年《COMPUTEX d&i awards》产品设计奖和日本ET/IoT 《Technology AWARD 2016》 JASA特别奖。??
阿里巴巴,NOSH,NOSH,香港,2018/11/20,2018,11,,17 ,NOSH是一个香港快餐外卖品牌，外送餐盒采用由甘蔗和PLA玉米淀粉制作的生物降解包装，为用户提供牛油果豆色拉、中东米色拉、地中海拉法卷、牛油果法拉卷等产品，同时提供食谱推荐、餐饮配送等服务。??
阿里巴巴,Opaque Studios,Opaque Studios,United States of America,2018/11/20,2018,11,,21 ,Opaque Studios位于美国加州洛杉矶，提供新世代的虚拟和实境制片工具，Opaque的技术与创新来自于整合最新的VR以及游戏引擎，大幅优化传统制片效率。??
阿里巴巴,Origami Labs,Origami,香港,2018/11/20,2018,11,,16 ,"Origami Labs致力利用创新科技改善生活。团队受无障碍设计启发， 创造出时尚智能语音介质ORii，为人与装置, 以至于人与人的互动方式带来崭新的想象。??"
阿里巴巴,Platina Systems,Platina Systems,United States of America,2018/11/20,2018,11,,3 ,Platina Systems着眼于优化云原生资料中心并率先落实创造新生产品类别。因应随着资料分析和人工智慧需求下而爆炸式增长的资料量，Platina的产品性能优势可借由便利IT三大基础架构互换通用、无处不在的部署及统一标准化编制、从而有效的大幅拓展规模并提升灵活性及加快收益速度。??
阿里巴巴,Pluvio,Pluvio,United States of America,2018/11/20,2018,11,,6 ,Pluvio利用人工智慧和图形技术推动个性化的电子商务购物体验。通过独特的互动式介面，为消费者提供基于上下文资讯感知的自我调整购买建议。可以预测消费者的需求，并且可以根据他们的购物习惯来帮助他们探索新的商品。总部位于纽约市的我们将致力于为消费者创造令人愉悦的个性化购物体验。??
阿里巴巴,乐利数位,台北乐利数位科技,台湾,2018/11/20,2018,11,,6 ,"台北乐利数位科技于2007年成立，2008年成立上海乐丽网络科技，并于2015成立香港乐利国际，以成为臺湾最具影响力的华人跨境电子商务公司为核心。乐利深耕两岸电商零售领域, 并已成为两岸最大台资电商服务公司及首家获得大陆天猫平台金牌运营商荣耀的台资企业. 乐利提供品牌营销、数据管理系统、客服管理、仓储物流等全方位电子商务服务，协助企业拓展大陆及海外市场！目前核心客户包含可口可乐, 宝洁, 好市多Costco, 轩尼诗, 伊利集团, 臺湾联华食品, 昇恆昌等国际集团！??"
阿里巴巴,Tokopedia,PT Tokopedia,印度,2018/11/22,2018,11,7205000000 ,6 ,Tokopedia是印度尼西亚的一个C2C电商平台，专注于将消费者和商家连接在一起，并提供网络平台，旨在帮助本地小企业和本地品牌利用互联网来创办和发展他们的业务。??
阿里巴巴,AsiaYo,AsiaYo,台湾,2018/12/6,2018,12,45850000 ,15 ,AsiaYo是一个特色民宿订房平台，主打特色旅宿，覆盖台湾，日本，韩国，泰国和香港的60个城市。??
阿里巴巴,Optibus,Optibus,以色列,2018/12/13,2018,12,262000000 ,10 ,Optibus是以色列公共交通智能优化系统开发商，正研发其智慧城市运营系统，可以支持实时公交调度和班次预测，帮助交通管理部门及时作出必要的调整。??
阿里巴巴,Pickupp,Pickupp,新加坡,2019/1/4,2019,1,,19 ,Pickupp是一个快速发展的B2C，C2C物流技术平台，为有交付需求的商家提供最高效，最动态，最低成本的解决方案。Pickupp专门提供按需，4小时，门到门的送货服务。??
阿里巴巴,Data Artisans,Data Artisans,德国,2019/1/8,2019,1,711000000 ,3 ,Data Artisans由ApacheFlink?的创始人于2014年创立，该公司总部位于德国柏林，专门提供为公司企业部署大规模数据处理解决方案的服务。发展开源数据处理技术，并推动流处理、批处理和机器学习发展。??
阿里巴巴,Sandbox VR,Sandbox VR,香港,2019/1/29,2019,1,445400000 ,21 ,Sandbox VR 是在商场和影院提供线下街机式VR体验的体验中心，Sandbox VR有自研线下VR体验，同时正在全球六座城市运营着VR线下中心，包括加州圣马特奥、温哥华和香港。他们主要为玩家提供了一个自由漫游式空间，并允许其在多人VR体验中共同对抗僵尸，外星人和亡灵海盗。??
阿里巴巴,Vidooly,Vidooly,印度,2019/2/9,2019,2,13755000 ,12 ,Vidooly是印度一家视频分析公司，通过为视频制作者提供营销和分析工具，以此来获得最多的浏览次数、增加受众数量，从而提高视频营收。??
阿里巴巴,Infinity AR,Infinity Augmented Reality,以色列,2019/3/25,2019,3,65500000 ,21 ,Infinity AR是一家打造 SDK，让虚拟图像能够投射在现实物体的公司。??
阿里巴巴,Qupital,Qupital,香港,2019/3/27,2019,3,98250000 ,4 ,Qupital是香港首家在线发票贴现交易平台。它希望解决公司无法迅速获得现金的问题，通过拍卖未付款发票让公司在该网站融资。这实质上相当于将公司的应收账款证券化。投资者，或Qupital所称的“出资者”可评估和竞购希望融资的公司在Qupital上列出的发票。一旦该公司从它们的债务人手中获得付款，Qupital即自动将这笔资金连同利息转给“出资者”。??
阿里巴巴,Bigbasket,Supermarket Grocery Supplies Private Limited,印度,2019/4/1,2019,4,982500000 ,17 ,Bigbasket是一家印度生鲜食品及杂货平台，旗下拥有诸多品牌，如Fresho（主要配送果蔬、肉类和烘烤食品）、Royal（主要配送主食、茶饮和麦片）及Tasties（主要配送零食）等。??
阿里巴巴,VMate,VMate,印度,2019/5/28,2019,5,655000000 ,9 ,VMate由UC于2017年底在印度创立。是一款面向印度年轻人的短视频UGC内容社区平台，主打普通人的生活纪录和分享。??
阿里巴巴,Bitmark,Bitmark Inc.,台湾,2019/9/4,2019,9,19650000 ,4 ,Bitmark是台湾一家区块链所有权创业公司，在其平台上注册的所有权被绑定为称为bitmarks 的数字资产，用户可用其进行交易，并创建交易电子记录。??
阿里巴巴,Perfect Corp,Perfect Corp,台湾,2019/9/20,2019,9,,21 ,Perfect Corp是一家AR美容解决方案提供商，旨在通过将最高水平的增强现实（“AR”）和人工智能（“AI”）技术与终极购物体验相结合，彻底改造消费者美容之旅，从而改变美容行业。从中小型企业到企业，Perfect Corp为各种业务规模提供Beauty SaaS。通过美容AI和AR技术迈向未来，为您的客户提供最佳的购物体验。??
阿里巴巴,Lynk Global,The Straits Network Limited,香港,2019/11/22,2019,11,,11 ,Lynk是一个全球知识即服务平台，这使客户可以从顾问那里获得专业知识和见解，以进行创新、进入新市场并快速了解业务风险并评估机会。与其他专家访问产品不同，Lynk专注于其KaaS技术平台，该平台利用自然语言处理、对话式人工智能分析以及人机共生机器学习功能，可以大规模地获取和共享专家知识。??
阿里巴巴,XpressBees,Busybees Logistics Solutions Pvt Ltd.,印度,2019/12/27,2019,12,15000000 ,19 ,Xpressbees是于2015年创立的一家电子商务物流公司，公司提供最后一公里配送、逆向物流、托收货款、接代发货、供应商管理、跨境服务、专递服务和量身定制软件解决方案等服务。??
阿里巴巴,Bigbasket,Supermarket Grocery Supplies Private Limited,印度,2020/4/9,2020,4,393000000 ,17 ,Bigbasket是一家印度生鲜食品及杂货平台，旗下拥有诸多品牌，如Fresho（主要配送果蔬、肉类和烘烤食品）、Royal（主要配送主食、茶饮和麦片）及Tasties（主要配送零食）等。??
阿里巴巴,Ecoinno寰科创新,寰科创新有限公司,香港,2020/5/7,2020,5,50000000 ,16 ,Ecoinno寰科创新是一家位于香港科学园的绿色新材料研发商，致力于利用其独有的绿色复合材料（GCM?）开发多种类别的消费包装产品，该复合材料来自天然植物纤维，使用Ecoinno寰科创新先进专利技术加工而成。2020年2月12日，Ecoinno寰科创新荣获阿里巴巴Jumpstarter环球创业者比赛“智能城市领域优胜者“。??
阿里巴巴,SQream,SQream Technologies Ltd.,以色列,2020/6/28,2020,6,258070000 ,3 ,SQream是一个GPU数据库提供商，为大数据集分析提供数据库服务，具有商业智能加速功能，可以根据大型数据集进行智能时间决策，旗下拥有用于分析数据集的GPU数据库“SQream DB”，具有快速访问数据的功能。??
阿里巴巴,Dufry,Dufry AG,瑞士,2020/10/6,2020,10,,17 ,Dufry是一家瑞士免税店运营商，在全球64个国家和地区的机场、游轮、火车站和市中心旅游区设有大约2200间免税店，涵盖从拉斯维加斯到米兰的机场、海上枢纽和旅游景点。??
